date,P_Sell,P_Hold,P_Buy,pred_label,true_label,fold
2022-03-16,0.8007011042721371,0.0016511139852582104,0.19764778174260475,Sell,Buy,1
2022-03-17,0.988627440458696,0.0004409246336064457,0.01093163490769736,Sell,Buy,1
2022-03-18,0.9875762874519354,0.0023103898062749166,0.010113322741789802,Sell,Buy,1
2022-03-19,0.9325294976885244,0.029459083001476708,0.03801141930999895,Sell,Buy,1
2022-03-20,0.9385245225772605,0.025168595887500214,0.03630688153523938,Sell,Buy,1
2022-03-21,0.5398711234151418,0.02634758342662833,0.43378129315822994,Sell,Buy,1
2022-03-22,0.03707810937583329,0.005594089574578374,0.9573278010495883,Buy,Buy,1
2022-03-23,0.032305757429832875,0.008984977300849992,0.9587092652693172,Buy,Buy,1
2022-03-24,0.012737625320419632,0.007223115987152919,0.9800392586924275,Buy,Buy,1
2022-03-25,0.05109980434127839,0.006389265062727593,0.9425109305959941,Buy,Buy,1
2022-03-26,0.05929909145350497,0.43083664989902276,0.5098642586474722,Buy,Buy,1
2022-03-27,0.19747344571510037,0.4358926619439231,0.36663389234097643,Hold,Buy,1
2022-03-28,0.07109448574378786,0.007247055309835857,0.9216584589463763,Buy,Buy,1
2022-03-29,0.036576869002900726,0.016618233298043555,0.9468048976990556,Buy,Buy,1
2022-03-30,0.21561648811901235,0.6028489056846216,0.18153460619636597,Hold,Buy,1
2022-03-31,0.30119441308135375,0.17755626329001525,0.5212493236286311,Buy,Buy,1
2022-04-01,0.1553442932514545,0.4213061032176152,0.42334960353093026,Buy,Sell,1
2022-04-02,0.43371171171555745,0.19798730473490775,0.3683009835495348,Sell,Sell,1
2022-04-03,0.28805605689478947,0.5866188082223974,0.1253251348828131,Hold,Sell,1
2022-04-04,0.5211995152298154,0.3572930333239388,0.12150745144624574,Sell,Sell,1
2022-04-05,0.3574372843227712,0.06536860396218376,0.5771941117150451,Buy,Sell,1
2022-04-06,0.49783442648745124,0.2225799266877163,0.27958564682483256,Sell,Sell,1
2022-04-07,0.6405826745623336,0.10506248841893909,0.2543548370187272,Sell,Sell,1
2022-04-08,0.5035819177099824,0.08877582737398874,0.40764225491602885,Sell,Sell,1
2022-04-09,0.463990372149315,0.2684902446909624,0.2675193831597225,Sell,Sell,1
2022-04-10,0.6220047768773344,0.15850619865526827,0.21948902446739738,Sell,Sell,1
2022-04-11,0.030929264279552136,0.034666315378595165,0.9344044203418527,Buy,Buy,1
2022-04-12,0.07928800785283394,0.4436744270927625,0.4770375650544036,Buy,Hold,1
2022-04-13,0.40890193888479953,0.18813694860710523,0.40296111250809524,Sell,Sell,1
2022-04-14,0.23699963666018706,0.13910809364688914,0.6238922696929238,Buy,Buy,1
2022-04-15,0.13133710492578884,0.4528079500881737,0.4158549449860375,Hold,Hold,1
2022-04-16,0.5324843919428475,0.184872500133407,0.2826431079237456,Sell,Sell,1
2022-04-17,0.04107544886746898,0.6429966205074921,0.315927930625039,Hold,Hold,1
2022-04-18,0.3825013517156378,0.46522472020242056,0.15227392808194168,Hold,Sell,1
2022-04-19,0.9410680700758318,0.007906110575720878,0.051025819348447334,Sell,Sell,1
2022-04-20,0.932250451434744,0.012593833738783313,0.05515571482647262,Sell,Sell,1
2022-04-21,0.6320217696168344,0.16769621633647117,0.2002820140466945,Sell,Sell,1
2022-04-22,0.5984983659815819,0.23824289551962943,0.1632587384987886,Sell,Sell,1
2022-04-23,0.17416955813824975,0.33868159315965984,0.4871488487020905,Buy,Hold,1
2022-04-24,0.1325922959219654,0.6163825010141107,0.2510252030639237,Hold,Sell,1
2022-04-25,0.6254302941027209,0.2222379092449597,0.15233179665231933,Sell,Sell,1
2022-04-26,0.057915249947079375,0.00314201849070221,0.9389427315622185,Buy,Hold,1
2022-04-27,0.046121890587919705,0.2512370297169452,0.7026410796951351,Buy,Hold,1
2022-04-28,0.09490545209266553,0.15648706414988398,0.7486074837574505,Buy,Sell,1
2022-04-29,0.05552520990388866,0.010526535956173023,0.9339482541399383,Buy,Buy,1
2022-04-30,0.04438016172646177,0.0010698167558781848,0.95455002151766,Buy,Hold,1
2022-05-01,0.2991466943695167,0.01926166102720986,0.6815916446032735,Buy,Sell,1
2022-05-02,0.5843292610517006,0.01933682332167256,0.3963339156266269,Sell,Sell,1
2022-05-03,0.32672850998159986,0.0033709789901716788,0.6699005110282286,Buy,Sell,1
2022-05-04,0.6927011966225574,0.03143284493248128,0.27586595844496137,Sell,Sell,1
2022-05-05,0.6679639269317544,0.05930769637194105,0.2727283766963045,Sell,Sell,1
2022-05-06,0.4431011920414066,0.04032200216542409,0.5165768057931693,Buy,Sell,1
2022-05-07,0.19086224783095973,0.004874988709352054,0.8042627634596882,Buy,Sell,1
2022-05-08,0.12729235440208406,0.010013543111838366,0.8626941024860775,Buy,Sell,1
2022-05-09,0.005200189997409679,0.04028466777614328,0.954515142226447,Buy,Sell,1
2022-05-10,0.005816362758320584,0.002910370824102698,0.9912732664175767,Buy,Sell,1
2022-05-11,0.009113855235270066,0.05420348677865961,0.9366826579860703,Buy,Sell,1
2022-05-12,0.003884165058840722,0.01335528058762576,0.9827605543535336,Buy,Buy,1
2022-05-13,0.0012703106091819518,0.01598774861286914,0.9827419407779489,Buy,Sell,1
2022-05-14,0.003707896446823388,0.019257940457725338,0.9770341630954512,Buy,Hold,1
2022-05-15,0.004036191577817414,0.005595066081630724,0.9903687423405518,Buy,Sell,1
2022-05-16,0.0032986790438064456,0.06765532155135937,0.9290459994048341,Buy,Hold,1
2022-05-17,0.008967197769924539,0.023880040033610037,0.9671527621964654,Buy,Hold,1
2022-05-18,0.013845365297746971,0.019142070101056896,0.967012564601196,Buy,Buy,1
2022-05-19,0.0015181427653477462,0.011287088405901497,0.9871947688287508,Buy,Hold,1
2022-05-20,0.0042899343263509936,0.004664451471910188,0.9910456142017389,Buy,Hold,1
2022-05-21,0.013254561175123348,0.011506761317507004,0.9752386775073697,Buy,Sell,1
2022-05-22,0.06657565020502419,0.051857940207549406,0.8815664095874265,Buy,Sell,1
2022-05-23,0.07676712362029493,0.10190286158506477,0.8213300147946403,Buy,Sell,1
2022-05-24,0.18414177460199957,0.1535024946808437,0.6623557307171567,Buy,Sell,1
2022-05-25,0.21142382899003828,0.12005985624078018,0.6685163147691815,Buy,Buy,1
2022-05-26,0.10841768194907088,0.1584532518925568,0.7331290661583723,Buy,Buy,1
2022-05-27,0.02987063316101048,0.23171809438874055,0.738411272450249,Buy,Buy,1
2022-05-28,0.05939790190943773,0.019966758982064136,0.920635339108498,Buy,Buy,1
2022-05-29,0.8161926793039556,0.0057586977211477345,0.1780486229748966,Sell,Hold,1
2022-05-30,0.9443669849031094,0.0045701691880042795,0.05106284590888623,Sell,Sell,1
2022-05-31,0.9669615988160799,0.005028545040364006,0.02800985614355605,Sell,Sell,1
2022-06-01,0.7902471982490414,0.055349517026534484,0.15440328472442405,Sell,Hold,1
2022-06-02,0.7544697422060029,0.03776234771460361,0.20776791007939352,Sell,Hold,1
2022-06-03,0.9171721479987981,0.014593425956180576,0.06823442604502133,Sell,Hold,1
2022-06-04,0.8166928494476874,0.06852532063820051,0.11478182991411211,Sell,Hold,1
2022-06-05,0.61363992717013,0.02848796844655005,0.35787210438331996,Sell,Sell,1
2022-06-06,0.6622525855595655,0.01884746388329072,0.3188999505571439,Sell,Sell,1
2022-06-07,0.5293177567532527,0.01942501260794017,0.4512572306388072,Sell,Sell,1
2022-06-08,0.26498325994644173,0.6728382378213733,0.06217850223218485,Hold,Sell,1
2022-06-09,0.6836903492891644,0.1304288401045381,0.18588081060629755,Sell,Sell,1
2022-06-10,0.09859011717725832,0.22448891058692128,0.6769209722358205,Buy,Sell,1
2022-06-11,0.032833255099177075,0.07025555573202212,0.8969111891688009,Buy,Sell,1
2022-06-12,0.14424253103482307,0.05596535421368547,0.7997921147514915,Buy,Sell,1
2022-06-13,0.351740334621116,0.05100473960821849,0.5972549257706655,Buy,Sell,1
2022-06-14,0.2400814408507399,0.03911397926960091,0.7208045798796593,Buy,Sell,1
2022-06-15,0.26079597418243333,0.012294306194150605,0.7269097196234162,Buy,Sell,1
2022-06-16,0.09688687042425054,0.04173882776946378,0.8613743018062857,Buy,Buy,1
2022-06-17,0.03334448579073298,0.03878904620798076,0.9278664680012864,Buy,Sell,1
2022-06-18,0.013370742842849696,0.02178289539697721,0.9648463617601731,Buy,Buy,1
2022-06-19,0.19574490420161472,0.010456254983208126,0.7937988408151772,Buy,Buy,1
2022-06-20,0.318202196919813,0.010914684965475022,0.6708831181147119,Buy,Buy,1
2022-06-21,0.21904450985343518,0.02510869065017297,0.7558467994963919,Buy,Buy,1
2022-06-22,0.4805986546601284,0.038130382023112995,0.48127096331675845,Buy,Buy,1
2022-06-23,0.09564143047470158,0.020575295188109424,0.883783274337189,Buy,Hold,1
2022-06-24,0.2952086263533571,0.30199928922354724,0.40279208442309566,Buy,Sell,1
2022-06-25,0.28449003185746824,0.3261143473365745,0.3893956208059572,Buy,Sell,1
2022-06-26,0.3720270841720372,0.17719313761091743,0.45077977821704546,Buy,Sell,1
2022-06-27,0.1908006421226164,0.2356543718957803,0.5735449859816032,Buy,Sell,1
2022-06-28,0.049000519204974044,0.05935952243904532,0.8916399583559808,Buy,Sell,1
2022-06-29,0.06176327276484302,0.1093096701485379,0.8289270570866191,Buy,Buy,1
2022-06-30,0.07625419481522439,0.06900205734804812,0.8547437478367276,Buy,Buy,1
2022-07-01,0.08253317969187213,0.06723764154983988,0.8502291787582881,Buy,Buy,1
2022-07-02,0.011236562706235131,0.02508914743369002,0.9636742898600749,Buy,Buy,1
2022-07-03,0.08356674930707807,0.10947387826985452,0.8069593724230675,Buy,Buy,1
2022-07-04,0.7145698548727006,0.05179607155227961,0.2336340735750197,Sell,Buy,1
2022-07-05,0.2716299397879649,0.48802747657001994,0.24034258364201502,Hold,Hold,1
2022-07-06,0.7634638473303079,0.015568835859108617,0.22096731681058343,Sell,Sell,1
2022-07-07,0.4420438775245553,0.12143741461807414,0.4365187078573704,Sell,Sell,1
2022-07-08,0.4114991582344439,0.1711718878837885,0.4173289538817677,Buy,Sell,1
2022-07-09,0.75818301773385,0.06799996145054119,0.17381702081560887,Sell,Sell,1
2022-07-10,0.9553377964502434,0.009818736111644345,0.03484346743811221,Sell,Buy,1
2022-07-11,0.42156109999811764,0.035306429338029806,0.5431324706638525,Buy,Buy,1
2022-07-12,0.21302586359568945,0.002136654092108432,0.7848374823122021,Buy,Buy,1
2022-07-13,0.6791375394833913,0.07596915713335868,0.24489330338325005,Sell,Buy,1
2022-07-14,0.9010171920194305,0.011797624944616607,0.08718518303595295,Sell,Buy,1
2022-07-15,0.6569040797608505,0.026656130321600004,0.3164397899175495,Sell,Buy,1
2022-07-16,0.8337222210471563,0.011962016934540673,0.15431576201830288,Sell,Buy,1
2022-07-17,0.889960969843151,0.02028704527385229,0.08975198488299667,Sell,Buy,1
2022-07-18,0.6792488710010883,0.008219047295320228,0.31253208170359165,Sell,Hold,1
2022-07-19,0.5007448111773607,0.015460219037172061,0.4837949697854672,Sell,Buy,1
2022-07-20,0.13574067912234442,0.005330362165046474,0.8589289587126091,Buy,Sell,1
2022-07-21,0.3530725190639439,0.028207956632033317,0.6187195243040229,Buy,Sell,1
2022-07-22,0.35340761240193,0.2842178207119682,0.3623745668861017,Buy,Buy,1
2022-07-23,0.2917824074319412,0.011395826539730909,0.6968217660283278,Buy,Buy,1
2022-07-24,0.6250059525528662,0.021545932906454606,0.35344811454067915,Sell,Buy,1
2022-07-25,0.7720176019049412,0.06109203144383134,0.16689036665122756,Sell,Buy,1
2022-07-26,0.8944295025730391,0.006175451384668495,0.09939504604229238,Sell,Buy,1
2022-07-27,0.768147925524965,0.02151838046720343,0.2103336940078317,Sell,Hold,1
2022-07-28,0.11588153897233332,0.008392927434079683,0.875725533593587,Buy,Sell,1
2022-07-29,0.2192416058117974,0.025984932471477647,0.7547734617167249,Buy,Sell,1
2022-07-30,0.020808889517710476,0.03167460046836371,0.9475165100139257,Buy,Sell,1
2022-07-31,0.047151725914616215,0.3014982745727834,0.6513499995126005,Buy,Hold,1
2022-08-01,0.1627670694963561,0.23048672543549237,0.6067462050681516,Buy,Buy,1
2022-08-02,0.6020348077451938,0.004246325519346011,0.39371886673546025,Sell,Buy,1
2022-08-03,0.6552334467784802,0.21480400451226397,0.1299625487092559,Sell,Buy,1
2022-08-04,0.4750350519863715,0.3844112504847412,0.1405536975288873,Sell,Buy,1
2022-08-05,0.8882578056277007,0.08254250786915417,0.029199686503145077,Sell,Buy,1
2022-08-06,0.8032643452473387,0.1403400250646881,0.05639562968797324,Sell,Buy,1
2022-08-07,0.5298693424415946,0.21509180095815641,0.255038856600249,Sell,Buy,1
2022-08-08,0.596357536966759,0.39620423390881404,0.007438229124426923,Sell,Buy,1
2022-08-09,0.3618083270420407,0.01856172599725495,0.6196299469607044,Buy,Buy,1
2022-08-10,0.6353883379613827,0.2208368082271735,0.14377485381144367,Sell,Buy,1
2022-08-11,0.8260324321044301,0.011867757986280167,0.1620998099092896,Sell,Hold,1
2022-08-12,0.9823864909037993,0.004220579132741099,0.01339292996345951,Sell,Sell,1
2022-08-13,0.9728279522294376,0.00523969678909597,0.021932350981466495,Sell,Sell,1
2022-08-14,0.7259872599025492,0.06986921309433308,0.20414352700311772,Sell,Sell,1
2022-08-15,0.32093958692813385,0.103766349573614,0.5752940634982522,Buy,Sell,1
2022-08-16,0.2995927575948969,0.00906688667706917,0.691340355728034,Buy,Sell,1
2022-08-17,0.5596361597191847,0.06486288204455284,0.3755009582362625,Sell,Sell,1
2022-08-18,0.2660766835482991,0.2834384199284956,0.4504848965232052,Buy,Sell,1
2022-08-19,0.2894313582274349,0.28241904083552727,0.42814960093703797,Buy,Buy,1
2022-08-20,0.0169332609528628,0.152850817879538,0.8302159211675992,Buy,Buy,1
2022-08-21,0.14296074370328038,0.07883998166436346,0.7781992746323562,Buy,Sell,1
2022-08-22,0.24070024270558682,0.16030347380515436,0.5989962834892588,Buy,Sell,1
2022-08-23,0.13082490816540182,0.4234747934917244,0.44570029834287367,Buy,Sell,1
2022-08-24,0.23169799723361126,0.5028792539443104,0.2654227488220782,Hold,Sell,1
2022-08-25,0.07143840317276771,0.4834358849262742,0.44512571190095807,Hold,Sell,1
2022-08-26,0.3490201386390042,0.20225588319731083,0.448723978163685,Buy,Buy,1
2022-08-27,0.06856796286278141,0.07725275725213655,0.8541792798850821,Buy,Buy,1
2022-08-28,0.018219316259912976,0.0712474775785013,0.9105332061615858,Buy,Buy,1
2022-08-29,0.3290620322658868,0.233166644259755,0.4377713234743582,Buy,Hold,1
2022-08-30,0.5303324821704903,0.16988746856907727,0.2997800492604323,Sell,Buy,1
2022-08-31,0.16407003902655615,0.4153177513524551,0.42061220962098866,Buy,Buy,1
2022-09-01,0.9072599183567609,0.0245041787252514,0.06823590291798763,Sell,Hold,1
2022-09-02,0.11098499898257534,0.04735791318684871,0.8416570878305759,Buy,Buy,1
2022-09-03,0.1850038501483903,0.18768738953324504,0.6273087603183647,Buy,Buy,1
2022-09-04,0.202741828152218,0.12162795927237133,0.6756302125754107,Buy,Buy,1
2022-09-05,0.2783702611328633,0.006953124650713405,0.7146766142164234,Buy,Buy,1
2022-09-06,0.1134315665422964,0.2807602789951392,0.6058081544625643,Buy,Buy,1
2022-09-07,0.2408892064798002,0.09502276912253331,0.6640880243976665,Buy,Buy,1
2022-09-08,0.3381184544646477,0.009691760894232746,0.6521897846411197,Buy,Sell,1
2022-09-09,0.5082825701954304,0.16527430424323916,0.32644312556133037,Sell,Sell,1
2022-09-10,0.06363911148889442,0.028138376394115885,0.9082225121169897,Buy,Sell,1
2022-09-11,0.2540859833267284,0.036309940576368605,0.709604076096903,Buy,Sell,1
2022-09-12,0.8455891420470608,0.051184408329904646,0.10322644962303458,Sell,Sell,1
2022-09-13,0.05199697999266045,0.02835515529272085,0.9196478647146188,Buy,Sell,1
2022-09-14,0.6983934492810652,0.009535851181975922,0.2920706995369588,Sell,Sell,1
2022-09-15,0.009932934979469971,0.4456377870498169,0.544429277970713,Buy,Sell,1
2022-09-16,0.0006601842404211276,0.00016605323367705654,0.9991737625259017,Buy,Sell,1
2022-09-17,0.062151361218986095,0.010007438886026197,0.9278411998949876,Buy,Sell,1
2022-09-18,0.013224599050454535,0.002187050368752169,0.9845883505807932,Buy,Hold,1
2022-09-19,0.002214815902007477,0.011610300208862433,0.9861748838891302,Buy,Sell,1
2022-09-20,0.0012898489230761235,0.0008048988119909489,0.997905252264933,Buy,Sell,1
2022-09-21,0.0053961491730405275,0.0011046748177926588,0.9934991760091669,Buy,Buy,1
2022-09-22,0.0052967324054494355,0.3641192065065461,0.6305840610880045,Buy,Hold,1
2022-09-23,0.0032367995842804164,0.02454655594221877,0.9722166444735009,Buy,Hold,1
2022-09-24,0.009400802548253347,0.007978670965806922,0.9826205264859398,Buy,Hold,1
2022-09-25,0.0011435613125274672,0.011449274829389018,0.9874071638580834,Buy,Buy,1
2022-09-26,0.0003358652960261242,0.002738240644389309,0.9969258940595846,Buy,Hold,1
2022-09-27,0.0007040533867410191,0.6382852020090528,0.36101074460420607,Hold,Sell,1
2022-09-28,0.0003904461666594347,0.4148819566285462,0.5847275972047943,Buy,Hold,1
2022-09-29,0.005387292853328369,0.07126998837351231,0.9233427187731592,Buy,Hold,1
2022-09-30,0.01739797916925507,0.5285778152244412,0.4540242056063037,Hold,Hold,1
2022-10-01,0.01934608893028348,0.5412685118022281,0.43938539926748843,Hold,Buy,1
2022-10-02,0.05562280610789101,0.5190736206597388,0.4253035732323701,Hold,Buy,2
2022-10-03,0.05267241019627227,0.7411059380835203,0.2062216517202073,Hold,Hold,2
2022-10-04,0.7301782187583834,0.12400042419590662,0.14582135704571006,Sell,Sell,2
2022-10-05,0.9483904997047705,0.01822042934801116,0.03338907094721844,Sell,Sell,2
2022-10-06,0.8633596417973942,0.006439605343263339,0.13020075285934243,Sell,Sell,2
2022-10-07,0.5826426686669512,0.02071256107326529,0.39664477025978334,Sell,Sell,2
2022-10-08,0.5266857158837708,0.08123675884402648,0.3920775252722027,Sell,Sell,2
2022-10-09,0.49059487273269387,0.011670526633665574,0.4977346006336405,Buy,Sell,2
2022-10-10,0.7071789241738424,0.01386387552690662,0.27895720029925103,Sell,Hold,2
2022-10-12,0.6162114277992875,0.3252291126924991,0.05855945950821327,Sell,Buy,2
2022-10-13,0.5054325605874938,0.06720643523747945,0.42736100417502676,Sell,Buy,2
2022-10-14,0.5777161774868484,0.2750210180978959,0.14726280441525558,Sell,Sell,2
2022-10-15,0.12206451442353212,0.033764981584002374,0.8441705039924656,Buy,Hold,2
2022-10-16,0.7763517339057749,0.0746186423445472,0.1490296237496779,Sell,Hold,2
2022-10-17,0.9039981746633281,0.005710139698783785,0.09029168563788821,Sell,Sell,2
2022-10-18,0.909986100655784,0.010690201242913314,0.0793236981013026,Sell,Buy,2
2022-10-19,0.7180960824614102,0.15992028681433285,0.12198363072425696,Sell,Buy,2
2022-10-20,0.554240295371951,0.24256507681529085,0.20319462781275824,Sell,Buy,2
2022-10-21,0.8959847931790156,0.03271971566200326,0.07129549115898108,Sell,Buy,2
2022-10-22,0.9199207292910254,0.022978223438994423,0.057101047269980075,Sell,Buy,2
2022-10-23,0.9123186532245309,0.010181506680666178,0.0774998400948029,Sell,Buy,2
2022-10-24,0.9400257928425126,0.03783139523930194,0.022142811918185453,Sell,Buy,2
2022-10-25,0.8317307573874742,0.13403978942865874,0.034229453183867005,Sell,Buy,2
2022-10-26,0.8463000039279253,0.0765546327172639,0.07714536335481079,Sell,Hold,2
2022-10-27,0.49451659371597756,0.13741564855377328,0.3680677577302493,Sell,Buy,2
2022-10-28,0.5484112797918393,0.1802804983125599,0.27130822189560067,Sell,Sell,2
2022-10-29,0.6761436791360318,0.12308307598383882,0.20077324488012943,Sell,Sell,2
2022-10-30,0.4018206942539435,0.4548947045693698,0.14328460117668665,Hold,Buy,2
2022-10-31,0.6976922990134306,0.2261957296860785,0.07611197130049095,Sell,Buy,2
2022-11-01,0.5661550464627347,0.10330253723439915,0.3305424163028661,Sell,Hold,2
2022-11-02,0.7735884204701701,0.016999734921037932,0.209411844608792,Sell,Buy,2
2022-11-03,0.704271240434544,0.008849467475117351,0.2868792920903387,Sell,Sell,2
2022-11-04,0.6401286340217308,0.26609183917122964,0.09377952680703953,Sell,Sell,2
2022-11-05,0.5280129616530307,0.12016069960814167,0.3518263387388276,Sell,Sell,2
2022-11-06,0.7134742135716313,0.049501070230848536,0.23702471619752008,Sell,Sell,2
2022-11-07,0.9244789401676609,0.028696049667947098,0.04682501016439204,Sell,Sell,2
2022-11-08,0.46190754199277445,0.38637898784864755,0.15171347015857786,Sell,Sell,2
2022-11-09,0.29417353590594825,0.22445881801690074,0.48136764607715105,Buy,Buy,2
2022-11-10,0.49913196107420704,0.43315458248599487,0.06771345643979804,Sell,Sell,2
2022-11-11,0.13294074205401252,0.685523189725612,0.18153606822037546,Hold,Sell,2
2022-11-15,0.22377715498138295,0.5636888005980462,0.21253404442057086,Hold,Sell,2
2022-11-16,0.34266125742332126,0.04804852271460227,0.6092902198620765,Buy,Sell,2
2022-11-17,0.35994229555558116,0.11731350344262749,0.5227442010017914,Buy,Sell,2
2022-11-18,0.17061839647560786,0.6064994457296498,0.22288215779474235,Hold,Hold,2
2022-11-19,0.1818513313535754,0.6135416450046209,0.20460702364180358,Hold,Hold,2
2022-11-20,0.19805773877989968,0.23943512112072668,0.5625071400993736,Buy,Buy,2
2022-11-21,0.056707777130805596,0.2157274902173485,0.7275647326518458,Buy,Buy,2
2022-11-22,0.016028492378800305,0.16024680276599648,0.8237247048552031,Buy,Buy,2
2022-11-23,0.006250743812846702,0.27781422145199636,0.7159350347351568,Buy,Hold,2
2022-11-24,0.0068311954892717585,0.24180912468731894,0.7513596798234093,Buy,Hold,2
2022-11-25,0.016364902851422697,0.32854917991383814,0.6550859172347392,Buy,Buy,2
2022-11-26,0.036696753135026405,0.2111768321493128,0.7521264147156608,Buy,Buy,2
2022-11-27,0.04555677014802587,0.4228892258162344,0.5315540040357396,Buy,Buy,2
2022-11-28,0.018622592443264058,0.38634170007674246,0.5950357074799936,Buy,Buy,2
2022-11-29,0.3658340334918861,0.3664039855630407,0.26776198094507314,Hold,Buy,2
2022-11-30,0.3795051231464186,0.041901508869782327,0.578593367983799,Buy,Hold,2
2022-12-01,0.5897339682508118,0.012487371302379594,0.39777866044680854,Sell,Hold,2
2022-12-02,0.6992946556496321,0.0027278953057829356,0.2979774490445848,Sell,Sell,2
2022-12-03,0.7138855486014376,0.015611507536850635,0.27050294386171186,Sell,Buy,2
2022-12-04,0.4580525182085502,0.004747026765299214,0.5372004550261505,Buy,Hold,2
2022-12-05,0.09983656732654426,0.002786129642041499,0.8973773030314143,Buy,Hold,2
2022-12-06,0.08970567156666658,0.0019006770735500225,0.9083936513597833,Buy,Hold,2
2022-12-07,0.09357025565136314,0.0016674493025804588,0.9047622950460563,Buy,Buy,2
2022-12-08,0.06444493970676232,0.0005481485627098974,0.9350069117305277,Buy,Buy,2
2022-12-09,0.07585553635485519,0.0005206561147490413,0.9236238075303959,Buy,Buy,2
2022-12-10,0.276583936829119,0.000678175792574269,0.7227378873783067,Buy,Hold,2
2022-12-11,0.38456569978102506,0.0006208962537482978,0.6148134039652267,Buy,Sell,2
2022-12-12,0.29470254112694366,0.0014255647168028884,0.7038718941562534,Buy,Sell,2
2022-12-13,0.18150262221905483,0.0035684292557640407,0.814928948525181,Buy,Sell,2
2022-12-14,0.06569402263098176,0.0007908937091799684,0.9335150836598384,Buy,Sell,2
2022-12-15,0.16499240392349898,0.004360119983877976,0.8306474760926231,Buy,Sell,2
2022-12-16,0.5623522749772834,0.32231247060953533,0.11533525441318124,Sell,Buy,2
2022-12-17,0.6911584827686428,0.06100180307608123,0.24783971415527584,Sell,Buy,2
2022-12-18,0.7454543559252146,0.04274212257554687,0.21180352149923865,Sell,Buy,2
2022-12-19,0.7622114400966252,0.05917170206227005,0.17861685784110468,Sell,Buy,2
2022-12-20,0.9382191116528935,0.036533479408074526,0.02524740893903198,Sell,Hold,2
2022-12-21,0.9356229287223706,0.0158546077766983,0.048522463500931055,Sell,Hold,2
2022-12-22,0.7759186344190685,0.017711489262605,0.2063698763183265,Sell,Hold,2
2022-12-23,0.2628162149290466,0.02504961079394278,0.7121341742770106,Buy,Sell,2
2022-12-24,0.25442435140800035,0.08223522028949334,0.6633404283025063,Buy,Sell,2
2022-12-25,0.3917608574101619,0.06093238821432713,0.547306754375511,Buy,Sell,2
2022-12-26,0.2995349799549576,0.07278032333056257,0.6276846967144798,Buy,Sell,2
2022-12-27,0.28036386908736943,0.21062464021104468,0.5090114907015859,Buy,Hold,2
2022-12-28,0.25719482221909107,0.10845667423890257,0.6343485035420063,Buy,Buy,2
2022-12-29,0.029870469340758137,0.081216366477709,0.888913164181533,Buy,Hold,2
2022-12-30,0.016163666318067108,0.012427249994302269,0.9714090836876306,Buy,Buy,2
2022-12-31,0.01801544706740822,0.010576468202420601,0.9714080847301713,Buy,Buy,2
2023-01-01,0.015842356073490074,0.017630370888752078,0.966527273037758,Buy,Buy,2
2023-01-02,0.1281743490936204,0.04574817964444333,0.8260774712619363,Buy,Buy,2
2023-01-03,0.032880610265021516,0.006950812066407941,0.9601685776685706,Buy,Buy,2
2023-01-04,0.03443653505852645,0.013536339965871563,0.952027124975602,Buy,Buy,2
2023-01-05,0.00619105576250132,0.006213685256396053,0.9875952589811027,Buy,Buy,2
2023-01-06,0.12577458521507748,0.03316709217082479,0.8410583226140977,Buy,Buy,2
2023-01-07,0.009715219116440658,0.004744548020331567,0.9855402328632278,Buy,Buy,2
2023-01-08,0.3504549682295735,0.015642368737387446,0.633902663033039,Buy,Buy,2
2023-01-09,0.1323453481398543,0.028557782642434,0.8390968692177116,Buy,Buy,2
2023-01-10,0.34552527404697814,0.012610837170106451,0.6418638887829154,Buy,Buy,2
2023-01-11,0.6207510505249201,0.002556810904521503,0.3766921385705582,Sell,Buy,2
2023-01-12,0.3016917617888497,0.04779043836872594,0.6505177998424244,Buy,Buy,2
2023-01-13,0.12412337926356144,0.005366857091414277,0.8705097636450242,Buy,Buy,2
2023-01-14,0.01794768511889707,0.03254305681488496,0.949509258066218,Buy,Hold,2
2023-01-15,0.07179554019887756,0.3267775635050733,0.6014268962960491,Buy,Buy,2
2023-01-16,0.007793372199944526,0.014579489526871721,0.9776271382731838,Buy,Buy,2
2023-01-17,0.013289727734581324,0.04091664416368061,0.945793628101738,Buy,Buy,2
2023-01-18,0.025302781924913403,0.02503169769288754,0.9496655203821991,Buy,Buy,2
2023-01-19,0.041594440911401534,0.010277960487905594,0.948127598600693,Buy,Hold,2
2023-01-20,0.10707796986266602,0.10095210489027658,0.7919699252470574,Buy,Sell,2
2023-01-21,0.05400263967496757,0.2417457624162197,0.7042515979088128,Buy,Sell,2
2023-01-22,0.05460509809277506,0.007505187473826567,0.9378897144333984,Buy,Sell,2
2023-01-23,0.03172522488922975,0.07648993295356,0.8917848421572103,Buy,Sell,2
2023-01-24,0.0050657850922713275,0.0011899968165136367,0.993744218091215,Buy,Buy,2
2023-01-25,0.004032688634328781,0.009171341097140915,0.9867959702685302,Buy,Sell,2
2023-01-26,0.03555155521779519,0.0023717006077086256,0.9620767441744962,Buy,Hold,2
2023-01-27,0.04441734916326152,0.004068832804446321,0.9515138180322921,Buy,Buy,2
2023-01-28,0.7068126252908958,0.017301726223797047,0.27588564848530717,Sell,Buy,2
2023-01-29,0.12144626617912294,0.0011681314390545735,0.8773856023818224,Buy,Hold,2
2023-01-30,0.08028570361723573,0.30776279335189205,0.6119515030308722,Buy,Buy,2
2023-01-31,0.6608006361069108,0.1114115674913248,0.22778779640176436,Sell,Buy,2
2023-02-01,0.24088463939319874,0.014523138587776345,0.7445922220190249,Buy,Hold,2
2023-02-02,0.11952845358964981,0.023332184524940642,0.8571393618854096,Buy,Buy,2
2023-02-03,0.11041103265611378,0.04788183848250141,0.8417071288613847,Buy,Hold,2
2023-02-04,0.13160407121908804,0.1645884527240299,0.7038074760568822,Buy,Sell,2
2023-02-05,0.4258360928558803,0.004740891933519874,0.5694230152105998,Buy,Sell,2
2023-02-06,0.5492214195426364,0.012085852918265961,0.4386927275390977,Sell,Sell,2
2023-02-07,0.17191737381233843,0.04196541967655435,0.7861172065111072,Buy,Sell,2
2023-02-08,0.5352473972973917,0.0036487242687743685,0.4611038784338339,Sell,Sell,2
2023-02-09,0.21572551599038153,0.0706834474603634,0.713591036549255,Buy,Hold,2
2023-02-10,0.03869060763233372,0.6406647204960955,0.32064467187157075,Hold,Buy,2
2023-02-11,0.12380526907235219,0.19817689556570123,0.6780178353619466,Buy,Buy,2
2023-02-12,0.04532927149662249,0.09774007694105272,0.8569306515623248,Buy,Buy,2
2023-02-13,0.1420712999836282,0.07604961457260084,0.7818790854437709,Buy,Buy,2
2023-02-14,0.393514662850471,0.18381396488978263,0.42267137225974644,Buy,Buy,2
2023-02-15,0.4034307839475844,0.009547550020385568,0.58702166603203,Buy,Buy,2
2023-02-16,0.7225726954957293,0.005965131782499529,0.27146217272177103,Sell,Hold,2
2023-02-17,0.0031761636828093504,0.0016350761561145218,0.9951887601610762,Buy,Sell,2
2023-02-18,0.002896805976212329,0.0018702859737289895,0.9952329080500588,Buy,Sell,2
2023-02-19,0.03364840341522272,0.004233538724266378,0.9621180578605109,Buy,Sell,2
2023-02-20,0.14112488153459113,0.0033591571122865505,0.8555159613531222,Buy,Sell,2
2023-02-21,0.13310006719570716,0.14942906749986287,0.7174708653044299,Buy,Hold,2
2023-02-22,0.1922695725895062,0.5752728585370869,0.232457568873407,Hold,Hold,2
2023-02-23,0.5360585318334757,0.4172077962077567,0.04673367195876762,Sell,Sell,2
2023-02-24,0.31026132471202367,0.6712778396673261,0.01846083562065014,Hold,Buy,2
2023-02-25,0.4444255110880665,0.30407545271452696,0.25149903619740666,Sell,Buy,2
2023-02-26,0.8921671426356798,0.04036264109272081,0.06747021627159952,Sell,Sell,2
2023-02-27,0.8540802377547636,0.02170759811797482,0.12421216412726158,Sell,Sell,2
2023-02-28,0.40633954093899727,0.17406424092510348,0.4195962181358992,Buy,Sell,2
2023-03-01,0.9573388778259693,0.009425918363353871,0.033235203810676836,Sell,Sell,2
2023-03-02,0.9681392874733924,0.006334515271731822,0.025526197254875746,Sell,Sell,2
2023-03-03,0.051723181904746535,0.17926694953923872,0.7690098685560147,Buy,Sell,2
2023-03-04,0.09633125246423495,0.6743701796297846,0.2292985679059803,Hold,Sell,2
2023-03-05,0.11142092475340577,0.1563447688588114,0.7322343063877829,Buy,Sell,2
2023-03-06,0.10387890638109108,0.05159435794647659,0.8445267356724324,Buy,Sell,2
2023-03-07,0.03976573032654112,0.08112508052820165,0.8791091891452573,Buy,Buy,2
2023-03-08,0.06361585507444616,0.0505497717344943,0.8858343731910596,Buy,Buy,2
2023-03-09,0.40083685876099395,0.044667914092161164,0.554495227146845,Buy,Buy,2
2023-03-10,0.8033895489626706,0.04130902858235591,0.15530142245497358,Sell,Buy,2
2023-03-11,0.7055302156113444,0.23125298286585136,0.06321680152280419,Sell,Buy,2
2023-03-12,0.9878707777572626,0.001509255560707971,0.010619966682029565,Sell,Buy,2
2023-03-13,0.6753328035497641,0.28939021643103335,0.03527698001920273,Sell,Buy,2
2023-03-14,0.9509063437385833,0.0026179116870206644,0.04647574457439605,Sell,Buy,2
2023-03-15,0.9466307977209993,0.007767671635162797,0.045601530643837825,Sell,Buy,2
2023-03-16,0.984417627584538,0.004259945715253418,0.011322426700208605,Sell,Buy,2
2023-03-17,0.4361252125551924,0.0546335407102136,0.509241246734594,Buy,Sell,2
2023-03-18,0.6664646542897253,0.012415809954860187,0.3211195357554146,Sell,Buy,2
2023-03-19,0.32536958214314754,0.032318067794056334,0.6423123500627962,Buy,Sell,2
2023-03-20,0.8846825773080201,0.08885778883168595,0.02645963386029385,Sell,Hold,2
2023-03-21,0.54762666756438,0.1305511473609235,0.32182218507469634,Sell,Hold,2
2023-03-22,0.723553314269355,0.1845140125255191,0.09193267320512595,Sell,Hold,2
2023-03-23,0.8913739694765143,0.015993131221919317,0.0926328993015665,Sell,Sell,2
2023-03-24,0.8651444544417309,0.01823207327022563,0.11662347228804354,Sell,Buy,2
2023-03-25,0.5502569607779081,0.08912064836464036,0.3606223908574516,Sell,Buy,2
2023-03-26,0.369536351313002,0.24886276737634752,0.3816008813106506,Buy,Buy,2
2023-03-27,0.7592677675222961,0.15909208377769934,0.08164014870000445,Sell,Buy,2
2023-03-28,0.9135971928685241,0.003622268016187732,0.08278053911528824,Sell,Hold,2
2023-03-29,0.032705972561028265,0.0008746255440841887,0.9664194018948875,Buy,Hold,2
2023-03-30,0.03575924168315494,0.0053165152108415594,0.9589242431060035,Buy,Buy,2
2023-03-31,0.007783510169647446,0.0014390507280829016,0.9907774391022697,Buy,Buy,2
2023-04-01,0.21828770450375823,0.009628562657979466,0.7720837328382623,Buy,Buy,2
2023-04-02,0.005338959999962589,0.00017683499876428976,0.994484205001273,Buy,Buy,2
2023-04-03,0.09427377027255034,0.0009641690465885473,0.9047620606808611,Buy,Buy,2
2023-04-04,0.2628502412063713,0.006031760977104245,0.7311179978165245,Buy,Hold,2
2023-04-05,0.022709536017215214,0.01896826694971032,0.9583221970330744,Buy,Hold,2
2023-04-06,0.022210852847519526,0.06735331875605154,0.910435828396429,Buy,Hold,2
2023-04-07,0.04994617204905358,0.06040494741857994,0.8896488805323665,Buy,Buy,2
2023-04-08,0.30855686000147475,0.1376781661238162,0.553764973874709,Buy,Buy,2
2023-04-09,0.36275643355735615,0.009325780681935479,0.6279177857607083,Buy,Buy,2
2023-04-10,0.21794746464293674,0.026817665054336998,0.7552348703027262,Buy,Buy,2
2023-04-11,0.3626358850448673,0.08832111251569436,0.5490430024394384,Buy,Buy,2
2023-04-12,0.2679715871762191,0.021303971975358642,0.7107244408484222,Buy,Buy,2
2023-04-13,0.9006999117590323,0.04469861414598548,0.054601474094982255,Sell,Buy,2
2023-04-14,0.8204701797319431,0.0547791516274262,0.12475066864063057,Sell,Sell,2
2023-04-15,0.8844000394840239,0.049236005246366184,0.06636395526960993,Sell,Sell,2
2023-04-16,0.8320746500483219,0.12980977857515233,0.038115571376525666,Sell,Sell,2
2023-04-17,0.2564423520423814,0.5249121076800294,0.2186455402775892,Hold,Sell,2
2023-04-18,0.578530982465816,0.1747464278664822,0.24672258966770172,Sell,Sell,2
2023-04-19,0.130892842246482,0.10670102118241423,0.7624061365711038,Buy,Sell,2
2023-04-20,0.6819009205966627,0.18243217127529468,0.13566690812804255,Sell,Sell,2
2023-04-21,0.05733320569811026,0.17991557101220707,0.7627512232896826,Buy,Hold,2
2023-04-22,0.2505522517550969,0.06264041118428262,0.6868073370606205,Buy,Buy,2
2023-04-23,0.13624256314876382,0.02247216031303709,0.8412852765381992,Buy,Buy,2
2023-04-24,0.02475506817416081,0.014949448524379565,0.9602954833014596,Buy,Buy,3
2023-04-25,0.10223815574857366,0.07022195451178766,0.8275398897396387,Buy,Hold,3
2023-04-26,0.031716774061462796,0.03322851484570824,0.9350547110928289,Buy,Sell,3
2023-04-27,0.01709596497054353,0.005064456042848413,0.977839578986608,Buy,Sell,3
2023-04-28,0.16566768663012635,0.13185769140209203,0.7024746219677815,Buy,Hold,3
2023-04-29,0.4202914946609124,0.01565967742328232,0.5640488279158052,Buy,Sell,3
2023-04-30,0.6100964870831194,0.2772461664029632,0.1126573465139174,Sell,Buy,3
2023-05-01,0.2909383212884243,0.03935151853987401,0.6697101601717017,Buy,Buy,3
2023-05-02,0.7931403117554124,0.16959940088026437,0.03726028736432321,Sell,Hold,3
2023-05-03,0.814419775342664,0.07505728191705173,0.11052294274028439,Sell,Sell,3
2023-05-04,0.9182535133789418,0.033074873936181894,0.04867161268487645,Sell,Sell,3
2023-05-05,0.9588123663026533,0.0007838967266796865,0.040403736970666924,Sell,Sell,3
2023-05-06,0.02068257728350752,0.009554705829187646,0.9697627168873049,Buy,Sell,3
2023-05-07,0.0297059804543087,0.09109584429260585,0.8791981752530854,Buy,Sell,3
2023-05-08,0.30794594984144724,0.4919357191209811,0.20011833103757173,Hold,Sell,3
2023-05-09,0.5365007438281197,0.3060678607874427,0.15743139538443754,Sell,Sell,3
2023-05-10,0.2214296626409977,0.4384816378188837,0.34008869954011856,Hold,Sell,3
2023-05-11,0.06932609100238965,0.012127533678421364,0.9185463753191889,Buy,Buy,3
2023-05-12,0.5160705531735996,0.040591133955125556,0.44333831287127495,Sell,Hold,3
2023-05-13,0.8498084636622588,0.036917714806136454,0.11327382153160462,Sell,Hold,3
2023-05-14,0.8014431522400336,0.11269372422501589,0.08586312353495056,Sell,Hold,3
2023-05-15,0.2416888701848132,0.7459351175425717,0.012376012272615108,Hold,Hold,3
2023-05-16,0.42620153264913396,0.564803239813969,0.008995227536896971,Hold,Hold,3
2023-05-17,0.30676330677649233,0.6886601045231782,0.004576588700329446,Hold,Hold,3
2023-05-18,0.5607129252382634,0.3611199526872372,0.0781671220744994,Sell,Buy,3
2023-05-19,0.5217916886852049,0.4387899508430962,0.03941836047169889,Sell,Hold,3
2023-05-20,0.8838234803999693,0.022197860953100022,0.09397865864693081,Sell,Hold,3
2023-05-21,0.19421842234565972,0.027944696497496452,0.7778368811568438,Buy,Buy,3
2023-05-22,0.1852378370888015,0.0498028893380995,0.764959273573099,Buy,Hold,3
2023-05-23,0.12657166192290106,0.0042851976641634345,0.8691431404129356,Buy,Buy,3
2023-05-24,0.015481927030836371,0.012791064020697067,0.9717270089484666,Buy,Buy,3
2023-05-25,0.03952441463241205,0.02629722031199033,0.9341783650555976,Buy,Buy,3
2023-05-26,0.061905926876569005,0.003334673162516497,0.9347593999609145,Buy,Buy,3
2023-05-27,0.2237730089632397,0.01099863182057583,0.7652283592161845,Buy,Buy,3
2023-05-28,0.006591510791915543,0.005491275951760185,0.9879172132563242,Buy,Hold,3
2023-05-29,0.006815605718009042,0.0035168118133655957,0.9896675824686253,Buy,Hold,3
2023-05-30,0.013184483550403444,0.002810757053877307,0.9840047593957193,Buy,Hold,3
2023-05-31,0.010685093465712569,0.0014951533761845793,0.9878197531581028,Buy,Sell,3
2023-06-01,0.013933466268189771,0.001129917340485582,0.9849366163913247,Buy,Buy,3
2023-06-02,0.006865252419048516,0.007233870030760333,0.9859008775501913,Buy,Sell,3
2023-06-03,0.09297542934729439,0.028161779869075663,0.8788627907836299,Buy,Sell,3
2023-06-04,0.06277751479919713,0.026791790228913332,0.9104306949718896,Buy,Sell,3
2023-06-05,0.01125105923489981,0.08261353835593793,0.9061354024091621,Buy,Sell,3
2023-06-06,0.020477281971489243,0.13796965476169476,0.8415530632668159,Buy,Sell,3
2023-06-07,0.013423733258868892,0.031481304827282584,0.9550949619138485,Buy,Sell,3
2023-06-08,0.14255067177164932,0.025872436383160825,0.8315768918451899,Buy,Sell,3
2023-06-09,0.20393868836596876,0.07115719917284669,0.7249041124611845,Buy,Sell,3
2023-06-10,0.17099067432244722,0.018562514386675773,0.810446811290877,Buy,Sell,3
2023-06-11,0.3463895719223009,0.058104103099563764,0.5955063249781354,Buy,Sell,3
2023-06-12,0.09787305176328487,0.031092631564842262,0.8710343166718729,Buy,Hold,3
2023-06-13,0.38941982258663566,0.02750285940129505,0.5830773180120693,Buy,Hold,3
2023-06-14,0.7460533338308418,0.015165328376261892,0.23878133779289634,Sell,Buy,3
2023-06-15,0.7164750802646588,0.03217253984851858,0.2513523798868227,Sell,Buy,3
2023-06-16,0.327372448510036,0.36273717844849246,0.30989037304147155,Hold,Buy,3
2023-06-17,0.5497128411334328,0.2711214456727765,0.1791657131937907,Sell,Buy,3
2023-06-18,0.6176552667460743,0.1737440851456287,0.20860064810829707,Sell,Buy,3
2023-06-19,0.47793922694179736,0.382543716128351,0.13951705692985159,Sell,Buy,3
2023-06-20,0.28067345269537264,0.04099776491079938,0.678328782393828,Buy,Buy,3
2023-06-21,0.2107487214131801,0.008119406317905925,0.7811318722689139,Buy,Sell,3
2023-06-22,0.051810420042526964,0.0015179308906584832,0.9466716490668144,Buy,Hold,3
2023-06-23,0.44126200084415906,0.01541628440137263,0.5433217147544683,Buy,Sell,3
2023-06-24,0.141962075969727,0.029702021071565842,0.8283359029587072,Buy,Hold,3
2023-06-25,0.18876184260909462,0.006750340072336909,0.8044878173185684,Buy,Buy,3
2023-06-26,0.025915122584156333,0.06674157844365615,0.9073432989721875,Buy,Buy,3
2023-06-27,0.01915597290859582,0.8664831145078599,0.11436091258354439,Hold,Buy,3
2023-06-28,0.10461484690476662,0.24330311433362778,0.6520820387616056,Buy,Buy,3
2023-06-29,0.09037464758691839,0.699853433178481,0.20977191923460062,Hold,Buy,3
2023-06-30,0.09368596087383549,0.6808125742412534,0.22550146488491102,Hold,Hold,3
2023-07-01,0.15564851093060839,0.5621130385316756,0.2822384505377159,Hold,Sell,3
2023-07-02,0.2138906591091932,0.5824893088968016,0.20362003199400525,Hold,Sell,3
2023-07-03,0.2106135597141417,0.5493850171459004,0.240001423139958,Hold,Sell,3
2023-07-04,0.14924158576706184,0.12059431019285922,0.730164104040079,Buy,Sell,3
2023-07-05,0.04425684841962804,0.4660103979478472,0.4897327536325247,Buy,Sell,3
2023-07-06,0.1013592071374188,0.1212932071254241,0.777347585737157,Buy,Buy,3
2023-07-07,0.21805522989074314,0.10199054167280268,0.6799542284364543,Buy,Hold,3
2023-07-08,0.03805698600450736,0.047775439793014816,0.9141675742024777,Buy,Buy,3
2023-07-09,0.012069911352457083,0.14536665979093522,0.8425634288566076,Buy,Buy,3
2023-07-10,0.025678784895031708,0.15566092518278674,0.8186602899221815,Buy,Buy,3
2023-07-11,0.02461308580625554,0.05987625713655736,0.915510657057187,Buy,Buy,3
2023-07-12,0.0062756178362653025,0.09612509672911894,0.8975992854346158,Buy,Buy,3
2023-07-13,0.07947424016950085,0.15181985958857935,0.7687059002419199,Buy,Sell,3
2023-07-14,0.09974430438376082,0.010821450986975116,0.8894342446292641,Buy,Sell,3
2023-07-15,0.08210655883037846,0.012716790160797697,0.9051766510088239,Buy,Sell,3
2023-07-16,0.03815443367135174,0.013080325075747195,0.9487652412529011,Buy,Sell,3
2023-07-17,0.05350730511405899,0.10042234523103262,0.8460703496549083,Buy,Sell,3
2023-07-18,0.007322899794479932,0.004936195309399912,0.9877409048961202,Buy,Hold,3
2023-07-19,0.004296131585478796,0.06008185575325748,0.9356220126612637,Buy,Sell,3
2023-07-20,0.002845223641943808,0.22625760592104363,0.7708971704370126,Buy,Sell,3
2023-07-21,0.012684995220277048,0.26749420539139634,0.7198207993883267,Buy,Sell,3
2023-07-22,0.07516335634531796,0.14014135571928854,0.7846952879353934,Buy,Hold,3
2023-07-23,0.2608407485337843,0.17491070095672148,0.5642485505094942,Buy,Hold,3
2023-07-24,0.06539673176874977,0.10674741527677717,0.8278558529544731,Buy,Buy,3
2023-07-25,0.726874127437818,0.13525147281644123,0.13787439974574087,Sell,Hold,3
2023-07-26,0.5554721589649002,0.21599475631526038,0.2285330847198394,Sell,Hold,3
2023-07-27,0.7891356372061977,0.10119912070591272,0.10966524208788955,Sell,Hold,3
2023-07-28,0.779234977409958,0.07647158741849935,0.14429343517154272,Sell,Sell,3
2023-07-29,0.7953495574360431,0.030506079426566378,0.17414436313739046,Sell,Sell,3
2023-07-30,0.45177227852828244,0.425110631910462,0.12311708956125555,Sell,Sell,3
2023-07-31,0.5815794885144681,0.26508232035123286,0.1533381911342991,Sell,Sell,3
2023-08-01,0.3648703702914289,0.03220430545515381,0.6029253242534174,Buy,Sell,3
2023-08-02,0.6406927730096683,0.05474641772208831,0.30456080926824347,Sell,Sell,3
2023-08-03,0.3546911195326403,0.053227294301533626,0.5920815861658261,Buy,Buy,3
2023-08-04,0.19044526453439103,0.005233211624774891,0.8043215238408341,Buy,Buy,3
2023-08-05,0.37235708694052994,0.10708525612465061,0.5205576569348195,Buy,Buy,3
2023-08-06,0.3675615126837064,0.01369683918585453,0.6187416481304392,Buy,Buy,3
2023-08-07,0.41312062197785393,0.30329233216524604,0.2835870458569001,Sell,Buy,3
2023-08-08,0.35783475776907137,0.01366753186042896,0.6284977103704997,Buy,Sell,3
2023-08-09,0.32264924112031856,0.003008558356624308,0.674342200523057,Buy,Sell,3
2023-08-10,0.29233258502647325,0.05212200749345993,0.6555454074800668,Buy,Sell,3
2023-08-11,0.3792663858546163,0.029769993710279437,0.5909636204351043,Buy,Sell,3
2023-08-12,0.7447733836059542,0.010899505181339062,0.2443271112127067,Sell,Sell,3
2023-08-13,0.2732819285385979,0.20373211266248983,0.5229859587989123,Buy,Sell,3
2023-08-14,0.29710860956423957,0.01054268726169552,0.6923487031740649,Buy,Sell,3
2023-08-15,0.2395728940977388,0.3898451518170748,0.3705819540851865,Hold,Sell,3
2023-08-16,0.37595117579441406,0.020181667768767904,0.6038671564368181,Buy,Sell,3
2023-08-17,0.25886787645836595,0.08183934228763946,0.6592927812539945,Buy,Sell,3
2023-08-18,0.4173033898801867,0.012631650160821269,0.570064959958992,Buy,Buy,3
2023-08-19,0.22274786190975104,0.02979091416476346,0.7474612239254854,Buy,Hold,3
2023-08-20,0.09624017337338907,0.01438606367777911,0.8893737629488319,Buy,Sell,3
2023-08-21,0.04742275305947832,0.021621250729652323,0.9309559962108693,Buy,Sell,3
2023-08-22,0.21684151546684297,0.03302449259781158,0.7501339919353455,Buy,Buy,3
2023-08-23,0.19135009853503498,0.34500253157629196,0.463647369888673,Buy,Sell,3
2023-08-24,0.10838708518262251,0.31568348612344477,0.5759294286939327,Buy,Buy,3
2023-08-25,0.10409468845800937,0.24568500208292363,0.650220309459067,Buy,Buy,3
2023-08-26,0.057986059053431876,0.5166598332925894,0.4253541076539788,Hold,Hold,3
2023-08-27,0.20149256563717338,0.3020072580475247,0.49650017631530174,Buy,Sell,3
2023-08-28,0.19474790134002726,0.15416692929544118,0.6510851693645315,Buy,Sell,3
2023-08-29,0.4877551218867551,0.004365994268496958,0.5078788838447479,Buy,Sell,3
2023-08-30,0.7146403445957098,0.03424390017424506,0.2511157552300451,Sell,Sell,3
2023-08-31,0.2586785090756532,0.2054439362623973,0.5358775546619494,Buy,Hold,3
2023-09-01,0.008532062138730217,0.05455358105059097,0.9369143568106788,Buy,Hold,3
2023-09-02,0.009685649121242623,0.8333641639272278,0.1569501869515297,Hold,Hold,3
2023-09-03,0.004096877796940669,0.8498026957226569,0.1461004264804026,Hold,Hold,3
2023-09-04,0.008518478921263135,0.45331074499630913,0.5381707760824278,Buy,Hold,3
2023-09-05,0.03783738800370708,0.34589457638735566,0.6162680356089372,Buy,Hold,3
2023-09-06,0.05246573900684073,0.12327591336477953,0.8242583476283798,Buy,Sell,3
2023-09-07,0.04572483949165335,0.019249522236516294,0.9350256382718304,Buy,Sell,3
2023-09-08,0.047872627369051554,0.11860591869527318,0.8335214539356752,Buy,Sell,3
2023-09-09,0.05363453030183326,0.38410922008028725,0.5622562496178795,Buy,Hold,3
2023-09-10,0.03910967469819935,0.10915041441626101,0.8517399108855397,Buy,Buy,3
2023-09-11,0.0066254195477349,0.004851171649276388,0.9885234088029887,Buy,Buy,3
2023-09-12,0.030469181761964805,0.19503253931310882,0.7744982789249264,Buy,Buy,3
2023-09-13,0.038058268487128954,0.04082238209557528,0.9211193494172957,Buy,Buy,3
2023-09-14,0.038270873716254594,0.0626824311346772,0.8990466951490682,Buy,Buy,3
2023-09-15,0.06389263287915982,0.04157663403786333,0.8945307330829768,Buy,Sell,3
2023-09-16,0.018415491191360604,0.04448855108261664,0.9370959577260227,Buy,Sell,3
2023-09-17,0.007189259273031713,0.04014711398225709,0.9526636267447112,Buy,Sell,3
2023-09-18,0.03315439034123556,0.00969255086397981,0.9571530587947846,Buy,Sell,3
2023-09-19,0.027357280393887465,0.06247737498196756,0.910165344624145,Buy,Sell,3
2023-09-20,0.00834015042899015,0.006349529162734399,0.9853103204082755,Buy,Sell,3
2023-09-21,0.0028188888028308034,0.03543885656047155,0.9617422546366976,Buy,Hold,3
2023-09-22,0.0008863373055002435,0.01578855952906953,0.9833251031654302,Buy,Hold,3
2023-09-23,0.0018347005016454174,0.004255756053933441,0.9939095434444211,Buy,Buy,3
2023-09-24,0.0035379042969953182,0.11464757647452967,0.881814519228475,Buy,Buy,3
2023-09-25,0.0037784547141751666,0.014616434189391308,0.9816051110964336,Buy,Buy,3
2023-09-26,0.003019853584637859,0.5708852202425223,0.42609492617283984,Hold,Buy,3
2023-09-27,0.013828536207037745,0.03461298854779492,0.9515584752451673,Buy,Buy,3
2023-09-28,0.010084460287991322,0.002183492350095063,0.9877320473619136,Buy,Hold,3
2023-09-29,0.029544479440608184,0.011995081382192248,0.9584604391771995,Buy,Sell,3
2023-09-30,0.07547763863130036,0.012508509210311571,0.9120138521583881,Buy,Sell,3
2023-10-01,0.0860575048456381,0.1188173123428188,0.7951251828115431,Buy,Sell,3
2023-10-02,0.03949482389461508,0.18185211573055507,0.7786530603748298,Buy,Sell,3
2023-10-03,0.07433514568336236,0.0542178994684729,0.8714469548481648,Buy,Sell,3
2023-10-04,0.07237511349880375,0.13765781022061965,0.7899670762805766,Buy,Sell,3
2023-10-05,0.11137354467737555,0.19881316272765837,0.689813292594966,Buy,Sell,3
2023-10-06,0.09744964647114933,0.021437665916405557,0.8811126876124451,Buy,Sell,3
2023-10-07,0.08127047131742557,0.06377947797580653,0.8549500507067679,Buy,Sell,3
2023-10-08,0.08147224933498186,0.059360072470456736,0.8591676781945613,Buy,Sell,3
2023-10-09,0.042459772433276956,0.14556514262575007,0.8119750849409729,Buy,Sell,3
2023-10-11,0.07286806012706942,0.12010532493584143,0.8070266149370893,Buy,Buy,3
2023-10-12,0.027607644352592393,0.009546931493375169,0.9628454241540324,Buy,Buy,3
2023-10-13,0.05303252567602952,0.013903708527204257,0.9330637657967662,Buy,Hold,3
2023-10-14,0.30654608764959845,0.05823339234328855,0.635220520007113,Buy,Hold,3
2023-10-15,0.10366839950892275,0.21922737725037217,0.6771042232407052,Buy,Buy,3
2023-10-16,0.1460930214272683,0.02689900230366474,0.827007976269067,Buy,Buy,3
2023-10-17,0.017374651536240973,0.10670869851026614,0.8759166499534929,Buy,Buy,3
2023-10-18,0.09901718916304889,0.3432278437117055,0.5577549671252456,Buy,Buy,3
2023-10-19,0.36714776049623693,0.18224383899713703,0.450608400506626,Buy,Buy,3
2023-10-20,0.25123647765501084,0.009803815951738265,0.7389597063932508,Buy,Buy,3
2023-10-21,0.19449877657733322,0.0030216605968752335,0.8024795628257915,Buy,Buy,3
2023-10-22,0.013624012894901645,0.0009877902208052635,0.9853881968842931,Buy,Buy,3
2023-10-23,0.10679655175274808,0.08484901858770011,0.8083544296595518,Buy,Hold,3
2023-10-24,0.012246756341582982,0.024760697774976578,0.9629925458834404,Buy,Hold,3
2023-10-25,0.05419223785662577,0.005966972959691289,0.939840789183683,Buy,Buy,3
2023-10-26,0.010946385882666252,0.0009347074360690117,0.9881189066812649,Buy,Hold,3
2023-10-27,0.0022480095776713136,0.03684603916024065,0.960905951262088,Buy,Buy,3
2023-10-28,0.0037161164143100713,0.02317973356633032,0.9731041500193597,Buy,Buy,3
2023-10-29,0.015904694655507177,0.720609467694325,0.26348583765016775,Hold,Buy,3
2023-10-30,0.022081593704440523,0.3510517730291142,0.6268666332664453,Buy,Buy,3
2023-10-31,0.01812764333208459,0.3759928090892312,0.6058795475786842,Buy,Buy,3
2023-11-01,0.02756053917369862,0.009472834238070205,0.9629666265882312,Buy,Buy,3
2023-11-02,0.010700942713659288,0.13379847330347736,0.8555005839828633,Buy,Buy,3
2023-11-03,0.009452128066493265,0.09586500993075135,0.8946828620027553,Buy,Buy,3
2023-11-04,0.006877038521380814,0.01016347831778145,0.9829594831608378,Buy,Buy,3
2023-11-05,0.013530049930575851,0.020936303143234046,0.9655336469261903,Buy,Buy,3
2023-11-06,0.0033457048581485276,0.007262325085535526,0.989391970056316,Buy,Buy,3
2023-11-07,0.003375234706710665,0.014107724710996862,0.9825170405822926,Buy,Buy,3
2023-11-08,0.004297805261794396,0.008546934015099704,0.9871552607231059,Buy,Buy,3
2023-11-09,0.005958394063657737,0.40942055558090457,0.5846210503554377,Buy,Sell,3
2023-11-10,0.24233095616597114,0.02174998446197128,0.7359190593720576,Buy,Hold,3
2023-11-11,0.08394438682570027,0.10883830253975663,0.8072173106345432,Buy,Sell,4
2023-11-12,0.05229846004755913,0.04834441597122384,0.899357123981217,Buy,Sell,4
2023-11-13,0.1416547956536023,0.07897820114406383,0.779367003202334,Buy,Sell,4
2023-11-14,0.195347108596673,0.017640574077339707,0.7870123173259873,Buy,Buy,4
2023-11-15,0.16869923750629848,0.5808588662661895,0.250441896227512,Hold,Sell,4
2023-11-16,0.13438133834167273,0.03974123193971072,0.8258774297186166,Buy,Hold,4
2023-11-17,0.236369419465434,0.06391697477131845,0.6997136057632475,Buy,Buy,4
2023-11-18,0.45484510916945775,0.127255460375282,0.4178994304552603,Sell,Buy,4
2023-11-19,0.748390308471948,0.02062776526996901,0.230981926258083,Sell,Buy,4
2023-11-20,0.7660572316303216,0.037455177297020706,0.19648759107265784,Sell,Buy,4
2023-11-21,0.5619740750960042,0.29064871269849213,0.1473772122055037,Sell,Buy,4
2023-11-22,0.853485581827012,0.045507357669351475,0.10100706050363659,Sell,Hold,4
2023-11-23,0.8100692048351726,0.020754368899486744,0.16917642626534055,Sell,Hold,4
2023-11-24,0.7335891703723889,0.014327352859480566,0.2520834767681305,Sell,Sell,4
2023-11-25,0.8803699833061449,0.006287343577276949,0.11334267311657817,Sell,Hold,4
2023-11-26,0.5648379312324298,0.005755330202930732,0.4294067385646395,Sell,Hold,4
2023-11-27,0.8026462270864587,0.04033218164804987,0.15702159126549137,Sell,Buy,4
2023-11-28,0.6620993502441374,0.011403083119730845,0.3264975666361318,Sell,Buy,4
2023-11-29,0.7856063020237766,0.010640592065522394,0.20375310591070117,Sell,Buy,4
2023-11-30,0.23244568259389195,0.002804151509605517,0.7647501658965025,Buy,Buy,4
2023-12-01,0.7093399446484192,0.013126638771236137,0.2775334165803446,Sell,Buy,4
2023-12-02,0.5293483194940676,0.31353927067548587,0.1571124098304466,Sell,Buy,4
2023-12-03,0.3630886806654741,0.2850580845189643,0.3518532348155616,Sell,Buy,4
2023-12-04,0.5376658263325436,0.15679297857515018,0.30554119509230643,Sell,Buy,4
2023-12-05,0.880478711104871,0.04498888596097728,0.07453240293415181,Sell,Buy,4
2023-12-06,0.08538197884584987,0.801618139945734,0.1129998812084161,Hold,Hold,4
2023-12-07,0.7182471084401449,0.1998356412938313,0.08191725026602382,Sell,Sell,4
2023-12-08,0.653368410793866,0.31500044630836926,0.03163114289776469,Sell,Sell,4
2023-12-09,0.17921949251488006,0.35825058487525774,0.46252992260986225,Buy,Hold,4
2023-12-10,0.37616184990180557,0.1171529069568266,0.5066852431413679,Buy,Sell,4
2023-12-11,0.3302131619340914,0.17736983350426133,0.4924170045616472,Buy,Hold,4
2023-12-12,0.9759499103086625,0.011925166570590201,0.01212492312074726,Sell,Hold,4
2023-12-13,0.6203849899869719,0.2991681802539139,0.08044682975911428,Sell,Sell,4
2023-12-14,0.8852136244546239,0.06899265138882102,0.04579372415655502,Sell,Sell,4
2023-12-15,0.8877258239938249,0.031773357641777855,0.0805008183643973,Sell,Hold,4
2023-12-16,0.968442930405634,0.011412565155233922,0.02014450443913221,Sell,Hold,4
2023-12-17,0.837301888142917,0.006537515530021025,0.15616059632706208,Sell,Buy,4
2023-12-18,0.8805610432223906,0.023315935401983172,0.09612302137562631,Sell,Buy,4
2023-12-19,0.18143445236111896,0.2727113888216566,0.5458541588172244,Buy,Buy,4
2023-12-20,0.07987818437894631,0.159735302210182,0.7603865134108718,Buy,Buy,4
2023-12-21,0.5428172088043439,0.04421935606536238,0.4129634351302937,Sell,Hold,4
2023-12-22,0.15569605392108035,0.02477451653416851,0.819529429544751,Buy,Buy,4
2023-12-23,0.633826825318357,0.013072636599695264,0.35310053808194775,Sell,Buy,4
2023-12-24,0.6003972433676147,0.00402249051057466,0.3955802661218107,Sell,Buy,4
2023-12-25,0.5652439429289693,0.0034873733556819993,0.43126868371534877,Sell,Hold,4
2023-12-26,0.0698173330497802,0.0038997778092414765,0.9262828891409782,Buy,Buy,4
2023-12-27,0.11154948352746574,0.052914057466272965,0.8355364590062613,Buy,Hold,4
2023-12-28,0.09053860618727139,0.05870171659242472,0.850759677220304,Buy,Hold,4
2023-12-29,0.8968877154710935,0.04193250888529328,0.06117977564361323,Sell,Sell,4
2023-12-30,0.574703355953175,0.024002618509492857,0.40129402553733207,Sell,Hold,4
2023-12-31,0.8447024469006315,0.005425715827943202,0.14987183727142536,Sell,Hold,4
2024-01-01,0.3699723184923149,0.10668927386628274,0.5233384076414023,Buy,Sell,4
2024-01-02,0.2076703430061734,0.31483277195364745,0.47749688504017923,Buy,Sell,4
2024-01-03,0.5227796790681708,0.21175172069098122,0.26546860024084806,Sell,Buy,4
2024-01-04,0.31406644405813433,0.01637152631258153,0.669562029629284,Buy,Buy,4
2024-01-05,0.21731702525826951,0.02723924811041908,0.7554437266313113,Buy,Buy,4
2024-01-06,0.1406202911625704,0.57885087769451,0.2805288311429196,Hold,Buy,4
2024-01-07,0.0974173322394473,0.7139058425334613,0.1886768252270915,Hold,Buy,4
2024-01-08,0.9570086673416676,0.007992684678941191,0.03499864797939119,Sell,Buy,4
2024-01-09,0.9503551191608158,0.0285458956490777,0.021098985190106615,Sell,Buy,4
2024-01-10,0.036322999065649925,0.9070408560504676,0.05663614488388237,Hold,Sell,4
2024-01-11,0.11314691856265262,0.5780024384865903,0.30885064295075715,Hold,Hold,4
2024-01-12,0.2644754581282812,0.14132344629925445,0.5942010955724644,Buy,Hold,4
2024-01-13,0.09809408423909398,0.29439283239049363,0.6075130833704123,Buy,Sell,4
2024-01-14,0.05856373656527744,0.03234336672321613,0.9090928967115065,Buy,Hold,4
2024-01-15,0.09295014791210247,0.2105979451647728,0.6964519069231249,Buy,Hold,4
2024-01-16,0.13775148264927065,0.25151378080849784,0.6107347365422314,Buy,Sell,4
2024-01-17,0.08226655958915963,0.009912632028189943,0.9078208083826503,Buy,Sell,4
2024-01-18,0.10052446184523041,0.023461309477802283,0.8760142286769672,Buy,Sell,4
2024-01-19,0.0922213335439796,0.002220316388822817,0.9055583500671976,Buy,Sell,4
2024-01-20,0.12148410767083773,0.0048708818482656405,0.8736450104808966,Buy,Sell,4
2024-01-21,0.238364802824674,0.00772978418715247,0.7539054129881736,Buy,Sell,4
2024-01-22,0.30584987464020064,0.04442904546197444,0.6497210798978249,Buy,Hold,4
2024-01-23,0.17161327696929582,0.5491265750575153,0.279260147973189,Hold,Hold,4
2024-01-24,0.06310166025548691,0.21932334829827438,0.7175749914462387,Buy,Buy,4
2024-01-25,0.04415618868116209,0.25178193017963224,0.7040618811392056,Buy,Buy,4
2024-01-26,0.19063391790296066,0.40601340797122104,0.4033526741258183,Hold,Hold,4
2024-01-27,0.012926996640056754,0.6466843335814455,0.34038866977849774,Hold,Hold,4
2024-01-28,0.021133227389518384,0.34337522380758856,0.635491548802893,Buy,Buy,4
2024-01-29,0.04119556373558641,0.39640640894550755,0.562398027318906,Buy,Hold,4
2024-01-30,0.5296111474305195,0.02020809902447634,0.45018075354500403,Sell,Sell,4
2024-01-31,0.23172069393668362,0.14906562635984,0.6192136797034763,Buy,Hold,4
2024-02-01,0.41857773695785516,0.268538729424327,0.31288353361781784,Sell,Buy,4
2024-02-02,0.6804887059683741,0.20790975719570085,0.11160153683592502,Sell,Buy,4
2024-02-03,0.5783126303565701,0.2873667653249557,0.13432060431847423,Sell,Buy,4
2024-02-04,0.9086313683349793,0.04291952418361297,0.04844910748140768,Sell,Buy,4
2024-02-05,0.9549667500892555,0.013367162300925267,0.031666087609819184,Sell,Buy,4
2024-02-06,0.6102323453855751,0.0024455137037938867,0.3873221409106309,Sell,Buy,4
2024-02-07,0.8554796836611296,0.004429487422092377,0.14009082891677813,Sell,Buy,4
2024-02-08,0.8295935616508845,0.02261090124892137,0.14779553710019402,Sell,Buy,4
2024-02-09,0.6486901052845012,0.09458957158110724,0.2567203231343916,Sell,Buy,4
2024-02-10,0.9297814770685604,0.03597975779982411,0.034238765131615605,Sell,Buy,4
2024-02-11,0.8698419920369461,0.07793319153535036,0.05222481642770355,Sell,Buy,4
2024-02-12,0.706511532575672,0.061508461348651344,0.2319800060756766,Sell,Buy,4
2024-02-13,0.33810999948272596,0.4401770896711084,0.22171291084616543,Hold,Buy,4
2024-02-14,0.4727401658304857,0.07796924776347741,0.4492905864060368,Sell,Buy,4
2024-02-15,0.26161689345171263,0.06886198131391559,0.6695211252343718,Buy,Buy,4
2024-02-16,0.21129728348926013,0.012694242388929907,0.7760084741218098,Buy,Buy,4
2024-02-17,0.14602585623719544,0.03283292830677106,0.8211412154560336,Buy,Buy,4
2024-02-18,0.49497077018624863,0.01323446676923764,0.49179476304451386,Sell,Buy,4
2024-02-19,0.36987191587863855,0.017423142943536033,0.6127049411778254,Buy,Buy,4
2024-02-20,0.04287523603482067,0.008769984153564668,0.9483547798116146,Buy,Buy,4
2024-02-21,0.7555329656963131,0.013256229462097077,0.23121080484158985,Sell,Buy,4
2024-02-22,0.8189381765935755,0.024202471242116847,0.15685935216430769,Sell,Buy,4
2024-02-23,0.7968031483664728,0.08665800464929113,0.11653884698423617,Sell,Buy,4
2024-02-24,0.7919772585076722,0.044106330725205915,0.16391641076712182,Sell,Buy,4
2024-02-25,0.6797993990490082,0.06297186364379513,0.2572287373071965,Sell,Buy,4
2024-02-26,0.45678688735363515,0.075051502817404,0.4681616098289609,Buy,Buy,4
2024-02-27,0.11729778670470213,0.05476954121988615,0.8279326720754118,Buy,Buy,4
2024-02-28,0.1695938939169312,0.07913852517222703,0.7512675809108417,Buy,Buy,4
2024-02-29,0.026319472065054368,0.00903325136910148,0.9646472765658441,Buy,Buy,4
2024-03-01,0.037049845503516705,0.005966550167239528,0.9569836043292438,Buy,Buy,4
2024-03-02,0.19515439940011714,0.020661598300626176,0.7841840022992567,Buy,Buy,4
2024-03-03,0.13702435712770072,0.01931014215516373,0.8436655007171355,Buy,Buy,4
2024-03-04,0.10480899709334383,0.01046196938582376,0.8847290335208324,Buy,Buy,4
2024-03-05,0.4363760519665102,0.3042729662735795,0.2593509817599103,Sell,Buy,4
2024-03-06,0.30752618437812324,0.010122223830423209,0.6823515917914535,Buy,Buy,4
2024-03-07,0.3525383004364454,0.10689361777577569,0.5405680817877789,Buy,Buy,4
2024-03-08,0.25365729822558997,0.11602764355235665,0.6303150582220534,Buy,Buy,4
2024-03-09,0.21206066878054297,0.02710926530858014,0.760830065910877,Buy,Hold,4
2024-03-10,0.25896732550177537,0.04105125244144345,0.6999814220567812,Buy,Sell,4
2024-03-11,0.15055887024456158,0.09053236376488094,0.7589087659905576,Buy,Sell,4
2024-03-12,0.7505537608672593,0.05260016511841778,0.1968460740143228,Sell,Sell,4
2024-03-13,0.7417254037787113,0.058795876332874294,0.19947871988841437,Sell,Sell,4
2024-03-14,0.2863408430733729,0.12177863756948196,0.5918805193571451,Buy,Sell,4
2024-03-15,0.13115346851655368,0.038823763792687246,0.8300227676907591,Buy,Sell,4
2024-03-16,0.3316669114381416,0.04466259933515415,0.6236704892267043,Buy,Hold,4
2024-03-17,0.23952293348484374,0.11049709452503387,0.6499799719901224,Buy,Sell,4
2024-03-18,0.448524299530847,0.14553258170250719,0.40594311876664596,Sell,Sell,4
2024-03-19,0.03000200586904707,0.0249405747174366,0.9450574194135164,Buy,Buy,4
2024-03-20,0.4259617450907584,0.3742936256878736,0.19974462922136807,Sell,Hold,4
2024-03-21,0.2366543938351973,0.25528168920107175,0.5080639169637309,Buy,Buy,4
2024-03-22,0.005477517474940532,0.37469730692980197,0.6198251755952575,Buy,Buy,4
2024-03-23,0.0031214898084859473,0.4918958065242168,0.5049827036672973,Buy,Buy,4
2024-03-24,0.14248171047164082,0.6056632985989574,0.2518549909294018,Hold,Hold,4
2024-03-25,0.7160976119050846,0.21474331589898685,0.06915907219592854,Sell,Hold,4
2024-03-26,0.6379909178120357,0.3108090616989371,0.051200020489027366,Sell,Hold,4
2024-03-27,0.1376686061230346,0.8017163558197489,0.060615038057216436,Hold,Hold,4
2024-03-28,0.30246399227173915,0.6155200767211501,0.08201593100711087,Hold,Sell,4
2024-03-29,0.07757646228330174,0.4841934483162956,0.43823008940040264,Hold,Sell,4
2024-03-30,0.013755991093868993,0.4336201882935237,0.5526238206126073,Buy,Sell,4
2024-03-31,0.06877195007659069,0.7363972007658409,0.19483084915756846,Hold,Sell,4
2024-04-01,0.04049918356947732,0.6711336687180649,0.2883671477124577,Hold,Sell,4
2024-04-02,0.1205994035787274,0.42804150775684,0.4513590886644326,Buy,Buy,4
2024-04-03,0.3193811261432212,0.21209059946248165,0.4685282743942971,Buy,Buy,4
2024-04-04,0.5613002715013938,0.06712880929536952,0.3715709192032366,Sell,Buy,4
2024-04-05,0.17817530125746253,0.19475819113460174,0.6270665076079358,Buy,Buy,4
2024-04-06,0.01723812374551212,0.02013675128756439,0.9626251249669234,Buy,Buy,4
2024-04-07,0.5279223757741367,0.06846894475215681,0.40360867947370643,Sell,Sell,4
2024-04-08,0.7072563663349276,0.22238426250360063,0.07035937116147177,Sell,Sell,4
2024-04-09,0.5473943890182301,0.20994864471973368,0.24265696626203623,Sell,Sell,4
2024-04-10,0.463342293762831,0.07696617974384608,0.45969152649332296,Sell,Sell,4
2024-04-11,0.7987077968447224,0.018442591862961984,0.1828496112923157,Sell,Sell,4
2024-04-12,0.0681022695778476,0.010970110029013902,0.9209276203931385,Buy,Sell,4
2024-04-13,0.006322338422423867,0.006888516266413675,0.9867891453111626,Buy,Buy,4
2024-04-14,0.02191488986919269,0.03875207484641579,0.9393330352843915,Buy,Sell,4
2024-04-15,0.013582664096473763,0.05433477114462336,0.9320825647589028,Buy,Hold,4
2024-04-16,0.018264814564572268,0.69562389511827,0.2861112903171576,Hold,Buy,4
2024-04-17,0.00387799082414169,0.010388048574080338,0.9857339606017781,Buy,Buy,4
2024-04-18,0.04866933378064888,0.35684987224661635,0.5944807939727348,Buy,Buy,4
2024-04-19,0.5514910643535906,0.33488076686362295,0.11362816878278637,Sell,Buy,4
2024-04-20,0.5414501980682989,0.25605915576779525,0.2024906461639058,Sell,Hold,4
2024-04-21,0.31087400690460715,0.04161905116431259,0.6475069419310803,Buy,Hold,4
2024-04-22,0.8886410582297521,0.013334484754208314,0.09802445701603944,Sell,Hold,4
2024-04-23,0.9499920211883137,0.006222771486941946,0.04378520732474429,Sell,Hold,4
2024-04-24,0.4525898029454224,0.045078267655934305,0.5023319293986434,Buy,Buy,4
2024-04-25,0.9306665175751715,0.007298100094582214,0.062035382330246164,Sell,Sell,4
2024-04-26,0.9521217932449106,0.010838865400819728,0.03703934135426968,Sell,Sell,4
2024-04-27,0.9658910302472783,0.0099894728162784,0.0241194969364431,Sell,Sell,4
2024-04-28,0.9521644630139118,0.012638953985161476,0.03519658300092671,Sell,Sell,4
2024-04-29,0.9773500129781498,0.0029122584916324574,0.01973772853021766,Sell,Sell,4
2024-04-30,0.5607232019105239,0.09171397677266208,0.347562821316814,Sell,Buy,4
2024-05-01,0.4645153046743664,0.051755959060848025,0.4837287362647856,Buy,Buy,4
2024-05-02,0.3345883708492903,0.12323992400233728,0.5421717051483724,Buy,Hold,4
2024-05-03,0.9865799667341361,0.00302045868502726,0.010399574580836625,Sell,Sell,4
2024-05-04,0.9880990864046825,0.0029128819949084867,0.008988031600408999,Sell,Sell,4
2024-05-05,0.9722072387899512,0.0021954695270585563,0.025597291682990294,Sell,Sell,4
2024-05-06,0.614057793249797,0.00775401288772904,0.37818819386247404,Sell,Sell,4
2024-05-07,0.7608966593164572,0.08611413879064839,0.15298920189289433,Sell,Sell,4
2024-05-08,0.9165368713793383,0.024717245578410308,0.05874588304225156,Sell,Hold,4
2024-05-09,0.7204931701762023,0.04152703591892903,0.2379797939048686,Sell,Sell,4
2024-05-10,0.6785913780274988,0.10596924072689126,0.21543938124560996,Sell,Buy,4
2024-05-11,0.809848307030499,0.05182490172733877,0.13832679124216213,Sell,Hold,4
2024-05-12,0.48953986111461495,0.15608473552618546,0.35437540335919954,Sell,Buy,4
2024-05-13,0.245663272623174,0.4500313985686091,0.304305328808217,Hold,Buy,4
2024-05-14,0.4526982179469992,0.3113548819384603,0.23594690011454045,Sell,Buy,4
2024-05-15,0.41965759958957466,0.01828261993992227,0.5620597804705031,Buy,Buy,4
2024-05-16,0.11142388457575322,0.207979510081057,0.6805966053431898,Buy,Buy,4
2024-05-17,0.25742580088072337,0.023594004269790473,0.7189801948494862,Buy,Buy,4
2024-05-18,0.7283706739924621,0.0791737217997461,0.1924556042077916,Sell,Buy,4
2024-05-19,0.9599495763641657,0.020016347749962436,0.020034075885872013,Sell,Buy,4
2024-05-20,0.005459214383653988,0.8975113699277516,0.09702941568859444,Hold,Hold,4
2024-05-21,0.012811181203174317,0.7686313878111861,0.21855743098563943,Hold,Hold,4
2024-05-22,0.013948065485041777,0.029349377053237615,0.9567025574617207,Buy,Buy,4
2024-05-23,0.013871073351474797,0.06254773729870079,0.9235811893498245,Buy,Hold,4
2024-05-24,0.008658376992201487,0.02660035563699179,0.9647412673708067,Buy,Hold,4
2024-05-25,0.015271312613781646,0.13796727758075777,0.8467614098054606,Buy,Hold,4
2024-05-26,0.028504480559740843,0.176998417467367,0.7944971019728921,Buy,Hold,4
2024-05-27,0.04441370264545899,0.1944878454291948,0.7610984519253462,Buy,Hold,4
2024-05-28,0.017461693026933667,0.42711354599204066,0.5554247609810256,Buy,Hold,4
2024-05-29,0.017566220615790485,0.05266137346504181,0.9297724059191677,Buy,Hold,5
2024-05-30,0.15047035873373343,0.10904570503690121,0.7404839362293655,Buy,Hold,5
2024-05-31,0.22499146441941292,0.32361417464180237,0.4513943609387848,Buy,Buy,5
2024-06-01,0.4948329686271687,0.24662162660718615,0.2585454047656452,Sell,Hold,5
2024-06-02,0.43122742365663413,0.0772676697424504,0.49150490660091534,Buy,Sell,5
2024-06-03,0.21749461648045507,0.10845343076788798,0.6740519527516569,Buy,Hold,5
2024-06-04,0.08435668141851531,0.04121742352148616,0.8744258950599986,Buy,Sell,5
2024-06-05,0.22124730076159424,0.3717796065179435,0.40697309272046217,Buy,Sell,5
2024-06-06,0.045509666408190555,0.04876093569010098,0.9057293979017084,Buy,Sell,5
2024-06-07,0.029103720256907013,0.05176905230381137,0.9191272274392817,Buy,Sell,5
2024-06-08,0.016294352540082744,0.08525500308836007,0.8984506443715572,Buy,Sell,5
2024-06-09,0.07699065812558477,0.41096750664601195,0.5120418352284032,Buy,Sell,5
2024-06-10,0.16680984045404965,0.10538612704141219,0.7278040325045382,Buy,Sell,5
2024-06-11,0.039342244729709396,0.23242535359850056,0.72823240167179,Buy,Buy,5
2024-06-12,0.05282338952686513,0.6100193223922896,0.3371572880808452,Hold,Sell,5
2024-06-13,0.00821835658963867,0.027012494211480498,0.9647691491988808,Buy,Hold,5
2024-06-14,0.022883012033277007,0.13772855487794922,0.8393884330887739,Buy,Buy,5
2024-06-15,0.1299432930078486,0.5378124333286733,0.33224427366347814,Hold,Sell,5
2024-06-16,0.5023197094539331,0.24046834952532756,0.25721194102073935,Sell,Sell,5
2024-06-17,0.04076660704274212,0.45098839060309287,0.508245002354165,Buy,Hold,5
2024-06-18,0.07019261407269801,0.1363071161156698,0.7935002698116322,Buy,Sell,5
2024-06-19,0.06371205906242246,0.18358606521850995,0.7527018757190677,Buy,Sell,5
2024-06-20,0.019585778052537924,0.485299945749266,0.49511427619819626,Buy,Sell,5
2024-06-21,0.07369550131582854,0.2369006428891733,0.6894038557949981,Buy,Sell,5
2024-06-22,0.09794620261342103,0.49311896333317967,0.40893483405339937,Hold,Sell,5
2024-06-23,0.028663156637812284,0.3375329475107607,0.6338038958514269,Buy,Sell,5
2024-06-24,0.245494407144019,0.15728366900390706,0.597221923852074,Buy,Hold,5
2024-06-25,0.08395885596007494,0.606752927424264,0.30928821661566114,Hold,Buy,5
2024-06-26,0.03274937820730316,0.6568348284052116,0.3104157933874853,Hold,Buy,5
2024-06-27,0.14322026259187362,0.1013552199545715,0.755424517453555,Buy,Hold,5
2024-06-28,0.076893344928219,0.21027851828107866,0.7128281367907023,Buy,Sell,5
2024-06-29,0.07337892643930931,0.3367189810530756,0.589902092507615,Buy,Sell,5
2024-06-30,0.46351008977634767,0.03832136263155366,0.49816854759209866,Buy,Sell,5
2024-07-01,0.45129294049297874,0.00866647451452423,0.540040584992497,Buy,Sell,5
2024-07-02,0.6904477622031089,0.203006305394363,0.10654593240252819,Sell,Sell,5
2024-07-03,0.13843488137588078,0.11402888132023116,0.747536237303888,Buy,Sell,5
2024-07-04,0.05087180506103313,0.0160589194062999,0.9330692755326668,Buy,Hold,5
2024-07-05,0.20646327654650828,0.01769119428563818,0.7758455291678535,Buy,Buy,5
2024-07-06,0.021790532436256102,0.13545780743795255,0.8427516601257914,Buy,Hold,5
2024-07-07,0.01495442075543803,0.13471286756446002,0.8503327116801019,Buy,Buy,5
2024-07-08,0.2544001774426035,0.19557296629015397,0.5500268562672426,Buy,Buy,5
2024-07-09,0.17556351771653797,0.19824539933729227,0.6261910829461698,Buy,Buy,5
2024-07-10,0.21148455965978186,0.07125059649024978,0.7172648438499685,Buy,Buy,5
2024-07-11,0.19910190964490618,0.14598209280323154,0.6549159975518623,Buy,Buy,5
2024-07-12,0.8644588730153311,0.005451424676987198,0.1300897023076817,Sell,Buy,5
2024-07-13,0.9724903395465095,0.006838999351154912,0.020670661102335477,Sell,Buy,5
2024-07-14,0.9722959508051494,0.0025271140486904944,0.025176935146160078,Sell,Buy,5
2024-07-15,0.6749420244464412,0.006690212475260371,0.3183677630782984,Sell,Hold,5
2024-07-16,0.12325116767386246,0.013590279894799363,0.8631585524313381,Buy,Buy,5
2024-07-17,0.08505257946616526,0.05870848073642244,0.8562389397974123,Buy,Hold,5
2024-07-18,0.10448408696116664,0.04581499018114385,0.8497009228576894,Buy,Buy,5
2024-07-19,0.22321732249811208,0.025333518150127195,0.7514491593517606,Buy,Sell,5
2024-07-20,0.4657147448876164,0.15316541590838542,0.3811198392039982,Sell,Sell,5
2024-07-21,0.4128606128819494,0.07503700767062432,0.5121023794474263,Buy,Sell,5
2024-07-22,0.029617393862067562,0.06772186913420453,0.9026607370037278,Buy,Sell,5
2024-07-23,0.13852901075195445,0.021237715372663217,0.8402332738753823,Buy,Sell,5
2024-07-24,0.8591699676293231,0.02349440938425286,0.11733562298642417,Sell,Hold,5
2024-07-25,0.5535640957928507,0.063644795901077,0.38279110830607216,Sell,Buy,5
2024-07-26,0.32762254791725187,0.5543415259151651,0.11803592616758307,Hold,Hold,5
2024-07-27,0.7152080353828959,0.20935262674407554,0.07543933787302853,Sell,Sell,5
2024-07-28,0.8215276022133949,0.11931682773729681,0.05915557004930824,Sell,Sell,5
2024-07-29,0.6378486844069304,0.08489099922249822,0.27726031637057136,Sell,Sell,5
2024-07-30,0.541996132157919,0.12919664859861765,0.32880721924346334,Sell,Sell,5
2024-07-31,0.33012577916297714,0.19869354658640115,0.4711806742506217,Buy,Sell,5
2024-08-01,0.40428221431849715,0.06421853479880692,0.5314992508826959,Buy,Sell,5
2024-08-02,0.3606697633730787,0.21305885889349038,0.4262713777334309,Buy,Sell,5
2024-08-03,0.004585788985232468,0.04216024365087531,0.9532539673638922,Buy,Sell,5
2024-08-04,0.004727967664344529,0.035536481589351854,0.9597355507463037,Buy,Sell,5
2024-08-05,0.030627865142312763,0.01774930235945052,0.9516228324982368,Buy,Buy,5
2024-08-06,0.005410267300663674,0.029137594695219468,0.9654521380041169,Buy,Buy,5
2024-08-07,0.014752146248255035,0.017721194463480618,0.9675266592882643,Buy,Buy,5
2024-08-08,0.1823862824349593,0.43568651665043323,0.38192720091460747,Hold,Hold,5
2024-08-09,0.08817897072998938,0.7700186902504862,0.14180233901952444,Hold,Hold,5
2024-08-10,0.22628102931606953,0.5864935200319127,0.18722545065201782,Hold,Hold,5
2024-08-11,0.19465492856680125,0.6567505403875199,0.14859453104567877,Hold,Hold,5
2024-08-12,0.18568807178694047,0.3693214596415949,0.44499046857146457,Buy,Sell,5
2024-08-13,0.06007497745615245,0.588094023358421,0.35183099918542654,Hold,Sell,5
2024-08-14,0.1417578851132596,0.5454526508643304,0.31278946402241004,Hold,Hold,5
2024-08-15,0.07235129613701723,0.5778747051334401,0.3497739987295426,Hold,Hold,5
2024-08-16,0.1515317309657385,0.46419546519776306,0.3842728038364984,Hold,Hold,5
2024-08-17,0.45814204462093616,0.32356121494206436,0.2182967404369995,Sell,Hold,5
2024-08-18,0.3324082255300352,0.4961160877875138,0.171475686682451,Hold,Buy,5
2024-08-19,0.3715458639849525,0.20922850961709116,0.41922562639795635,Buy,Buy,5
2024-08-20,0.2321984213039483,0.3004681381984594,0.46733344049759235,Buy,Buy,5
2024-08-21,0.5080863110393484,0.16083857931247317,0.33107510964817843,Sell,Hold,5
2024-08-22,0.41246388095357955,0.206325309588367,0.3812108094580534,Sell,Sell,5
2024-08-23,0.3859936762480933,0.3870376203569805,0.22696870339492622,Hold,Sell,5
2024-08-24,0.3878087668615225,0.31770597650509136,0.2944852566333861,Sell,Sell,5
2024-08-25,0.48006480905547727,0.18515150172967032,0.33478368921485235,Sell,Sell,5
2024-08-26,0.6187429508454424,0.026115419801959774,0.3551416293525978,Sell,Sell,5
2024-08-27,0.10056355648559868,0.07996183714585846,0.8194746063685429,Buy,Hold,5
2024-08-28,0.5615250925716792,0.029067200756242757,0.40940770667207804,Sell,Hold,5
2024-08-29,0.06278964704073599,0.03896308546587859,0.8982472674933855,Buy,Sell,5
2024-08-30,0.08024365505398924,0.3902414045211666,0.5295149404248441,Buy,Sell,5
2024-08-31,0.012898486397868756,0.4162148863185362,0.5708866272835952,Buy,Sell,5
2024-09-01,0.0035265199641176083,0.011367405959991,0.9851060740758915,Buy,Sell,5
2024-09-02,0.07521403551865016,0.49075842664779296,0.43402753783355685,Hold,Sell,5
2024-09-03,0.007090855882432592,0.08597636656040357,0.906932777557164,Buy,Sell,5
2024-09-04,0.6461670298916338,0.06969255795760687,0.2841404121507594,Sell,Sell,5
2024-09-05,0.031525640530145414,0.054678057151984406,0.9137963023178701,Buy,Hold,5
2024-09-06,0.5673011126842794,0.033359731795411664,0.39933915552030896,Sell,Buy,5
2024-09-07,0.08109492873859137,0.23741428666646175,0.6814907845949468,Buy,Buy,5
2024-09-08,0.38157614915778143,0.35550934515275723,0.26291450568946123,Sell,Buy,5
2024-09-09,0.8632382131363786,0.014281390578106328,0.12248039628551502,Sell,Buy,5
2024-09-10,0.8062207884103706,0.006832694810098552,0.18694651677953078,Sell,Sell,5
2024-09-11,0.7765588912056459,0.017054713025078758,0.2063863957692752,Sell,Sell,5
2024-09-12,0.9107627883612956,0.018306768034497836,0.07093044360420649,Sell,Hold,5
2024-09-13,0.9520936258835092,0.004875420767974333,0.04303095334851636,Sell,Sell,5
2024-09-14,0.7163294268879125,0.11147396656894096,0.17219660654314659,Sell,Buy,5
2024-09-15,0.6026989643949183,0.07794230952322864,0.31935872608185295,Sell,Buy,5
2024-09-16,0.12309201360174532,0.33787939461361044,0.5390285917846442,Buy,Buy,5
2024-09-17,0.7816504450246239,0.012237918602070857,0.2061116363733051,Sell,Buy,5
2024-09-18,0.8452707307543083,0.00540131932504613,0.1493279499206456,Sell,Buy,5
2024-09-19,0.628805768935375,0.1399485131551468,0.23124571790947818,Sell,Buy,5
2024-09-20,0.6863925318010646,0.07521877338704337,0.238388694811892,Sell,Hold,5
2024-09-21,0.8008488317335125,0.005340998466836122,0.19381016979965146,Sell,Hold,5
2024-09-22,0.17916137499008927,0.003684437198404231,0.8171541878115065,Buy,Buy,5
2024-09-23,0.02589091936286114,0.004243261494657768,0.9698658191424812,Buy,Hold,5
2024-09-24,0.06421883160676295,0.002759055823985786,0.9330221125692513,Buy,Hold,5
2024-09-25,0.4614032580846555,0.2014651296203486,0.33713161229499594,Sell,Hold,5
2024-09-26,0.24444703108108948,0.011498602816152127,0.7440543661027585,Buy,Sell,5
2024-09-27,0.28405051537889087,0.026368768925051873,0.6895807156960573,Buy,Sell,5
2024-09-28,0.1837588052180909,0.04931703522441915,0.7669241595574899,Buy,Sell,5
2024-09-29,0.699197992398229,0.045514341822330176,0.25528766577944084,Sell,Sell,5
2024-09-30,0.5874255953959752,0.201289973996744,0.21128443060728075,Sell,Sell,5
2024-10-01,0.6166437319361192,0.25581854312601726,0.12753772493786356,Sell,Hold,5
2024-10-02,0.7495123248390388,0.09154994104491837,0.1589377341160427,Sell,Buy,5
2024-10-03,0.6330265119255211,0.21685405572380237,0.1501194323506765,Sell,Buy,5
2024-10-04,0.032895859524795464,0.1128558007824261,0.8542483396927784,Buy,Sell,5
2024-10-05,0.00938981698386351,0.0821162580595517,0.9084939249565848,Buy,Sell,5
2024-10-06,0.012629286800221034,0.23491738129165662,0.7524533319081222,Buy,Hold,5
2024-10-07,0.03642864293318158,0.34240723883758445,0.621164118229234,Buy,Buy,5
2024-10-08,0.10080628189081246,0.6402324004298128,0.25896131767937475,Hold,Hold,5
2024-10-09,0.019281590162522386,0.10684282991191714,0.8738755799255604,Buy,Buy,5
2024-10-10,0.08123797677083137,0.031762344349224515,0.8869996788799441,Buy,Buy,5
2024-10-11,0.13134135167687497,0.5216980292778697,0.3469606190452553,Hold,Buy,5
2024-10-12,0.5532148323827236,0.06990544506412072,0.37687972255315577,Sell,Buy,5
2024-10-13,0.5675493235230196,0.03636019088376618,0.3960904855932143,Sell,Buy,5
2024-10-14,0.3294855595498936,0.03609278702665603,0.6344216534234504,Buy,Buy,5
2024-10-16,0.7262538607412921,0.07494926670755538,0.19879687255115258,Sell,Buy,5
2024-10-17,0.3987228318370337,0.28101836283978443,0.3202588053231819,Sell,Hold,5
2024-10-18,0.37521843781936315,0.45730282319792903,0.1674787389827077,Hold,Sell,5
2024-10-19,0.5254535667586373,0.37417722281953697,0.10036921042182581,Sell,Sell,5
2024-10-20,0.4346222413587103,0.32591442098936124,0.23946333765192832,Sell,Sell,5
2024-10-21,0.05884617957784291,0.23816804632658178,0.7029857740955753,Buy,Sell,5
2024-10-22,0.10037446278161657,0.6269787739914103,0.2726467632269732,Hold,Sell,5
2024-10-23,0.8225938400484388,0.04363210481179925,0.13377405513976212,Sell,Buy,5
2024-10-24,0.5266456336765242,0.26992966003288427,0.20342470629059164,Sell,Buy,5
2024-10-25,0.7097416072749535,0.06470910487835468,0.22554928784669173,Sell,Buy,5
2024-10-26,0.6268381017691502,0.31856136444683164,0.0546005337840181,Sell,Buy,5
2024-10-27,0.34714843058224265,0.22220551148908685,0.43064605792867056,Buy,Hold,5
2024-10-28,0.5310027420504763,0.13033880330563727,0.3386584546438865,Sell,Sell,5
2024-10-29,0.14366780713752614,0.4126881372492485,0.44364405561322534,Buy,Sell,5
2024-10-30,0.22940920700716438,0.0971096948953995,0.6734810980974362,Buy,Sell,5
2024-10-31,0.13631637358879573,0.08943556932640681,0.7742480570847975,Buy,Sell,5
2024-11-01,0.305515746421645,0.041874356700157156,0.6526098968781979,Buy,Buy,5
2024-11-02,0.1050014199484123,0.5797114103016595,0.3152871697499282,Hold,Buy,5
2024-11-03,0.3402764804513421,0.4847073676987473,0.17501615184991048,Hold,Buy,5
2024-11-04,0.10558132601091287,0.026804037256313827,0.8676146367327732,Buy,Buy,5
2024-11-05,0.020797170742775862,0.12256728040802048,0.8566355488492036,Buy,Buy,5
2024-11-06,0.23247892327714995,0.3537647273134958,0.41375634940935435,Buy,Buy,5
2024-11-07,0.46386410441719256,0.3972701929860434,0.13886570259676398,Sell,Buy,5
2024-11-08,0.34253224193672416,0.18703011526253768,0.4704376428007382,Buy,Buy,5
2024-11-09,0.5673845966938784,0.2541760934080233,0.17843930989809828,Sell,Hold,5
2024-11-10,0.33164098719244617,0.23804115468472078,0.4303178581228331,Buy,Hold,5
2024-11-11,0.8552591040996265,0.06578725692638483,0.07895363897398881,Sell,Sell,5
2024-11-13,0.051168941828790275,0.028446486420402716,0.9203845717508071,Buy,Hold,5
2024-11-14,0.018214955059361135,0.07059578098109938,0.9111892639595395,Buy,Hold,5
2024-11-15,0.028019233677625762,0.05722238226733685,0.9147583840550375,Buy,Hold,5
2024-11-16,0.5359640072401469,0.057669401878625376,0.4063665908812277,Sell,Buy,5
2024-11-17,0.0965500445757904,0.0046856412363921575,0.8987643141878174,Buy,Buy,5
2024-11-18,0.07314609529246745,0.06943829403273899,0.8574156106747935,Buy,Buy,5
2024-11-19,0.11530338309086915,0.004358608726225675,0.8803380081829052,Buy,Buy,5
2024-11-20,0.3410963043598016,0.08240101903048455,0.5765026766097139,Buy,Buy,5
2024-11-21,0.093036275055399,0.47891254132800826,0.4280511836165926,Hold,Hold,5
2024-11-22,0.23309658295236665,0.31257489164952473,0.45432852539810853,Buy,Buy,5
2024-11-23,0.2164261741311984,0.15309114085712136,0.6304826850116803,Buy,Buy,5
2024-11-24,0.4579942954276717,0.06909597834245577,0.4729097262298726,Buy,Buy,5
2024-11-25,0.20771774565112977,0.10890773566322386,0.6833745186856464,Buy,Buy,5
2024-11-26,0.3502637296121137,0.013073015242168832,0.6366632551457174,Buy,Buy,5
2024-11-27,0.772259718664785,0.05944267676512747,0.16829760457008752,Sell,Hold,5
2024-11-28,0.8055454636387793,0.04676378761576628,0.14769074874545446,Sell,Hold,5
2024-11-29,0.9209685403860925,0.0522023596885088,0.026829099925398694,Sell,Buy,5
2024-11-30,0.8608700439769265,0.04558150397711267,0.09354845204596095,Sell,Buy,5
2024-12-01,0.9705082803182535,0.015443983844876828,0.014047735836869525,Sell,Buy,5
2024-12-02,0.7734662089481894,0.13177354873815764,0.0947602423136529,Sell,Buy,5
2024-12-03,0.9084792259278295,0.011871492205631407,0.07964928186653916,Sell,Buy,5
2024-12-04,0.6897518488862902,0.0042975995563546915,0.30595055155735523,Sell,Sell,5
2024-12-05,0.6994411010251634,0.03297744085574508,0.26758145811909156,Sell,Sell,5
2024-12-06,0.9641942364293841,0.006339922997595796,0.029465840573020263,Sell,Sell,5
2024-12-07,0.9738414678838768,0.011108954347553936,0.015049577768569283,Sell,Sell,5
2024-12-08,0.8830796413885292,0.10987914563975204,0.007041212971718647,Sell,Sell,5
2024-12-09,0.6809739552628995,0.02383404796384665,0.29519199677325386,Sell,Buy,5
2024-12-10,0.6815826604854575,0.054503408090857845,0.2639139314236847,Sell,Buy,5
2024-12-11,0.7408771559482508,0.02512093907817818,0.23400190497357104,Sell,Buy,5
2024-12-12,0.9305664714643127,0.004986392075170514,0.06444713646051689,Sell,Hold,5
2024-12-13,0.9641460374712308,0.0062198840419360555,0.029634078486833165,Sell,Sell,5
2024-12-14,0.8971187522821475,0.0025097568596506533,0.10037149085820178,Sell,Sell,5
2024-12-15,0.9385121111001424,0.01212018785032307,0.04936770104953453,Sell,Sell,5
2024-12-16,0.8678381233338976,0.04822919588402522,0.08393268078207716,Sell,Sell,5
2024-12-17,0.777129985028389,0.02061330465454538,0.20225671031706546,Sell,Sell,6
2024-12-18,0.8653947512606026,0.03935255584622395,0.09525269289317342,Sell,Sell,6
2024-12-19,0.018120815248486303,0.06691233768898032,0.9149668470625334,Buy,Buy,6
2024-12-20,0.1356109059404193,0.19333090376873788,0.6710581902908429,Buy,Hold,6
2024-12-21,0.013028277344104295,0.020102603633721162,0.9668691190221747,Buy,Hold,6
2024-12-22,0.0071739697506614354,0.010213062023507897,0.9826129682258307,Buy,Hold,6
2024-12-23,0.03543638146452092,0.29856494979858494,0.6659986687368942,Buy,Hold,6
2024-12-24,0.03903381534561328,0.748490610438897,0.2124755742154898,Hold,Sell,6
2024-12-25,0.20102083357328537,0.7592365628752822,0.03974260355143242,Hold,Sell,6
2024-12-26,0.018700709040372264,0.8898683404543168,0.09143095050531103,Hold,Hold,6
2024-12-27,0.012292973527025096,0.6122479488816067,0.3754590775913683,Hold,Hold,6
2024-12-28,0.022951805185236335,0.3098888043484383,0.6671593904663253,Buy,Hold,6
2024-12-29,0.0908062978294799,0.1195799453279781,0.7896137568425421,Buy,Buy,6
2024-12-30,0.06270857576845462,0.27553696844971365,0.6617544557818318,Buy,Buy,6
2024-12-31,0.04239224622894368,0.070136310744701,0.8874714430263553,Buy,Buy,6
2025-01-01,0.042327647958050864,0.08677204711946275,0.8709003049224864,Buy,Buy,6
2025-01-02,0.3120447947360939,0.058581452495644545,0.6293737527682615,Buy,Sell,6
2025-01-03,0.5350511659042116,0.09496274219881334,0.369986091896975,Sell,Sell,6
2025-01-04,0.5639557661059135,0.11746670842604515,0.3185775254680414,Sell,Sell,6
2025-01-05,0.21918553072817526,0.08621510109421565,0.6945993681776091,Buy,Sell,6
2025-01-06,0.21244808420995426,0.10005724109505999,0.6874946746949858,Buy,Sell,6
2025-01-07,0.6725668677908817,0.027974675101494192,0.2994584571076242,Sell,Sell,6
2025-01-08,0.78886821699733,0.011884594454923049,0.19924718854774703,Sell,Sell,6
2025-01-09,0.45921141673866517,0.037113752807482976,0.503674830453852,Buy,Buy,6
2025-01-11,0.6978075987194308,0.06301168963963306,0.23918071164093618,Sell,Hold,6
2025-01-12,0.7342405935345706,0.040906003737980354,0.22485340272744897,Sell,Buy,6
2025-01-13,0.44971828918934315,0.21200179835836452,0.3382799124522924,Sell,Buy,6
2025-01-14,0.2889547553902107,0.2901412512966483,0.4209039933131409,Buy,Hold,6
2025-01-15,0.6682704500915059,0.03904268239069361,0.2926868675178005,Sell,Sell,6
2025-01-16,0.42621512464340056,0.2340967866753328,0.3396880886812666,Sell,Hold,6
2025-01-17,0.5336556220725649,0.02865241135250375,0.43769196657493137,Sell,Sell,6
2025-01-18,0.43435997729171316,0.20105568299426524,0.3645843397140216,Sell,Hold,6
2025-01-19,0.062288294203149436,0.16115594373718825,0.7765557620596623,Buy,Buy,6
2025-01-20,0.17368281094747806,0.23952336358928006,0.5867938254632419,Buy,Hold,6
2025-01-21,0.1376628691991536,0.08717798836184522,0.7751591424390011,Buy,Sell,6
2025-01-22,0.12867511969659762,0.18477634711131138,0.686548533192091,Buy,Hold,6
2025-01-23,0.13649365133605076,0.12890313263185316,0.7346032160320961,Buy,Sell,6
2025-01-24,0.0923340809516898,0.47266153659394655,0.4350043824543636,Hold,Sell,6
2025-01-25,0.17959515741867865,0.42859807581542136,0.39180676676590004,Hold,Sell,6
2025-01-26,0.033288873355736874,0.4034309575921578,0.5632801690521053,Buy,Buy,6
2025-01-27,0.014570993934832405,0.04191668869454866,0.943512317370619,Buy,Sell,6
2025-01-28,0.006362486333664994,0.012506996917223435,0.9811305167491116,Buy,Sell,6
2025-01-29,0.004361871943488862,0.030071348800677775,0.9655667792558335,Buy,Sell,6
2025-01-30,0.08599105899826923,0.24045623932026758,0.6735527016814632,Buy,Sell,6
2025-01-31,0.28414554807417636,0.03488829038488966,0.6809661615409339,Buy,Sell,6
2025-02-01,0.1809944714232958,0.031628028806490224,0.787377499770214,Buy,Sell,6
2025-02-02,0.053348344640237466,0.03747147554854901,0.9091801798112135,Buy,Sell,6
2025-02-03,0.27706910217629027,0.10085589080720661,0.6220750070165032,Buy,Sell,6
2025-02-04,0.0438532409596779,0.10038739887117176,0.8557593601691503,Buy,Sell,6
2025-02-05,0.07018552296922677,0.11754671704449203,0.8122677599862812,Buy,Sell,6
2025-02-06,0.019544006658655223,0.20313084393113737,0.7773251494102074,Buy,Sell,6
2025-02-07,0.021442404854875967,0.33001812063688873,0.6485394745082353,Buy,Buy,6
2025-02-08,0.5068895822178823,0.14714940206728297,0.3459610157148348,Sell,Buy,6
2025-02-09,0.7290715602723401,0.13842873739385678,0.13249970233380307,Sell,Buy,6
2025-02-10,0.6929004746009517,0.2518708759251791,0.05522864947386924,Sell,Hold,6
2025-02-11,0.47936863026251664,0.4320033785797017,0.08862799115778153,Sell,Buy,6
2025-02-12,0.4958849737671618,0.36613556611184594,0.13797946012099246,Sell,Hold,6
2025-02-13,0.5672915386440445,0.3272551505583167,0.10545331079763882,Sell,Hold,6
2025-02-14,0.48756743430082256,0.4611143768662036,0.05131818883297373,Sell,Hold,6
2025-02-15,0.3246608594300846,0.5891656216632739,0.08617351890664138,Hold,Buy,6
2025-02-16,0.5705401105191552,0.1818075961713846,0.2476522933094602,Sell,Hold,6
2025-02-17,0.36481475422203913,0.011086335332988655,0.6240989104449722,Buy,Hold,6
2025-02-18,0.11038076397846104,0.1431103754929157,0.7465088605286232,Buy,Buy,6
2025-02-19,0.3589323446954657,0.06539328023085249,0.5756743750736819,Buy,Sell,6
2025-02-20,0.5849146565335204,0.0889821276241028,0.3261032158423767,Sell,Sell,6
2025-02-21,0.2654831281167777,0.4567690683630448,0.27774780352017747,Hold,Sell,6
2025-02-22,0.783619896753494,0.018498391324582912,0.19788171192192316,Sell,Sell,6
2025-02-23,0.6674343871326589,0.07543580094063392,0.25712981192670725,Sell,Sell,6
2025-02-24,0.3778191316951311,0.02046449042255431,0.6017163778823146,Buy,Sell,6
2025-02-25,0.6599162664082743,0.07020397161782661,0.26987976197389907,Sell,Hold,6
2025-02-26,0.10936447976376852,0.006268791641105095,0.8843667285951263,Buy,Sell,6
2025-02-27,0.019376748716630702,0.003389142807243677,0.9772341084761257,Buy,Sell,6
2025-02-28,0.06685473186046001,0.00991872795823321,0.9232265401813069,Buy,Hold,6
2025-03-01,0.02252160607616006,0.01822046063087816,0.9592579332929618,Buy,Hold,6
2025-03-02,0.4966193918677059,0.05899525729524661,0.44438535083704755,Sell,Sell,6
2025-03-03,0.046356898484580196,0.02888960742004211,0.9247534940953778,Buy,Hold,6
2025-03-04,0.0629730982913946,0.34924252004131084,0.5877843816672945,Buy,Sell,6
2025-03-05,0.00394671987460058,0.9503080471263189,0.04574523299908047,Hold,Sell,6
2025-03-06,0.00440004755382724,0.9811813190990738,0.014418633347098966,Hold,Sell,6
2025-03-07,0.03399937352257748,0.6008457648761804,0.3651548616012421,Hold,Sell,6
2025-03-08,0.03834773232730681,0.920187108939343,0.04146515873335031,Hold,Sell,6
2025-03-09,0.01450909191332403,0.029448672874642805,0.9560422352120332,Buy,Sell,6
2025-03-10,0.017676452985861818,0.006640588028071147,0.9756829589860672,Buy,Buy,6
2025-03-11,0.005633498010683909,0.045349095685202054,0.9490174063041141,Buy,Hold,6
2025-03-12,0.002343192065224636,0.026241573663059705,0.9714152342717156,Buy,Hold,6
2025-03-13,0.002429998745170548,0.004258807991977919,0.9933111932628514,Buy,Buy,6
2025-03-14,0.06760907794843242,0.09592898288732105,0.8364619391642466,Buy,Buy,6
2025-03-15,0.3247263483743615,0.17832330049955078,0.49695035112608776,Buy,Hold,6
2025-03-16,0.06480177046573699,0.40675458599268743,0.5284436435415756,Buy,Buy,6
2025-03-17,0.20553564678768466,0.7393406036017851,0.05512374961053024,Hold,Hold,6
2025-03-18,0.37323685909792814,0.5790434695356205,0.047719671366451326,Hold,Buy,6
2025-03-19,0.6074587237956883,0.12163204678657075,0.2709092294177408,Sell,Hold,6
2025-03-20,0.7284143633591939,0.044718642959145634,0.2268669936816605,Sell,Buy,6
2025-03-21,0.496910687386859,0.09895227745340314,0.4041370351597378,Sell,Hold,6
2025-03-22,0.49571331864013146,0.14359467761527805,0.3606920037445904,Sell,Hold,6
2025-03-23,0.4943066216504946,0.014086784287523328,0.4916065940619822,Sell,Sell,6
2025-03-24,0.40235515721951515,0.016671557902569113,0.5809732848779158,Buy,Sell,6
2025-03-25,0.33967669425760255,0.05288988484463742,0.60743342089776,Buy,Sell,6
2025-03-26,0.6130610600523496,0.02331757053901103,0.36362136940863937,Sell,Sell,6
2025-03-27,0.7733978094098141,0.017995724351882864,0.2086064662383031,Sell,Sell,6
2025-03-28,0.47301157530060284,0.0958974417888162,0.431090982910581,Sell,Sell,6
2025-03-29,0.1144762748710431,0.025588442080988608,0.8599352830479683,Buy,Hold,6
2025-03-30,0.30264306588292716,0.018313061940040606,0.6790438721770322,Buy,Hold,6
2025-03-31,0.30472074705832136,0.16445845420711272,0.5308207987345659,Buy,Hold,6
2025-04-01,0.5687436239504973,0.018573756014607663,0.41268262003489503,Sell,Sell,6
2025-04-02,0.6541080833900168,0.07390788843077048,0.27198402817921274,Sell,Sell,6
2025-04-03,0.19956485795620196,0.2662478352782012,0.5341873067655969,Buy,Sell,6
2025-04-04,0.05319964720369123,0.18916737450272852,0.7576329782935803,Buy,Sell,6
2025-04-05,0.18047933135733485,0.31308792520443474,0.5064327434382304,Buy,Sell,6
2025-04-06,0.2234128889824474,0.01670709589796756,0.759880015119585,Buy,Hold,6
2025-04-07,0.1118105444503896,0.02039858748332527,0.8677908680662851,Buy,Buy,6
2025-04-08,0.4570453587413264,0.04952410190122681,0.4934305393574469,Buy,Buy,6
2025-04-09,0.28195332046957844,0.33167331965634306,0.3863733598740786,Buy,Sell,6
2025-04-10,0.31808323629893315,0.11639246160559284,0.5655243020954741,Buy,Buy,6
2025-04-11,0.13523925211355964,0.6140937444497179,0.25066700343672255,Hold,Hold,6
2025-04-12,0.19736020133830393,0.45798921433483614,0.3446505843268599,Hold,Sell,6
2025-04-13,0.09040801431406215,0.7662245686379707,0.1433674170479672,Hold,Hold,6
2025-04-14,0.1622224775030615,0.7657296629273834,0.07204785956955488,Hold,Hold,6
2025-04-15,0.09188369299709415,0.86543370848274,0.04268259852016587,Hold,Hold,6
2025-04-16,0.2045422100459515,0.4335690879612211,0.3618887019928273,Hold,Hold,6
2025-04-17,0.1783994513781303,0.36148208589879954,0.46011846272307017,Buy,Buy,6
2025-04-18,0.3149334440271499,0.5095103530544113,0.17555620291843876,Hold,Buy,6
2025-04-19,0.6097941385046429,0.14713468204585156,0.24307117944950554,Sell,Buy,6
2025-04-20,0.5649403812748609,0.22425433816320303,0.21080528056193598,Sell,Buy,6
2025-04-21,0.5264962517810641,0.18556556351215323,0.2879381847067828,Sell,Buy,6
2025-04-22,0.49704038913994975,0.4038662728999724,0.09909333796007795,Sell,Hold,6
2025-04-23,0.48500267842652706,0.11952696145045179,0.39547036012302106,Sell,Hold,6
2025-04-24,0.7197149986046408,0.2114582360359398,0.06882676535941938,Sell,Hold,6
2025-04-25,0.7900400054445079,0.03719336732321029,0.17276662723228187,Sell,Hold,6
2025-04-26,0.44283985282713684,0.01914250571460593,0.5380176414582571,Buy,Hold,6
2025-04-27,0.39560836074986544,0.06350930105011474,0.5408823382000197,Buy,Buy,6
2025-04-28,0.40974744416421627,0.1638810689389968,0.426371486896787,Buy,Hold,6
2025-04-29,0.2716988979280149,0.2880634869514519,0.4402376151205333,Buy,Hold,6
2025-04-30,0.2535862545392282,0.222525640728263,0.5238881047325088,Buy,Hold,6
2025-05-01,0.4535248936126423,0.08439991348166673,0.462075192905691,Buy,Hold,6
2025-05-02,0.40511508343060587,0.07090092534634371,0.5239839912230505,Buy,Sell,6
2025-05-03,0.1962382186403308,0.19863221577841575,0.6051295655812534,Buy,Buy,6
2025-05-04,0.38388141342265686,0.02930815457494072,0.5868104320024025,Buy,Buy,6
2025-05-05,0.34478428031424735,0.04757223206066204,0.6076434876250906,Buy,Buy,6
2025-05-06,0.47293134523182473,0.03859525529684313,0.48847339947133206,Buy,Buy,6
2025-05-07,0.693880512774558,0.137064578116449,0.16905490910899307,Sell,Buy,6
2025-05-08,0.6041735157177015,0.022002456155727587,0.3738240281265709,Sell,Buy,6
2025-05-09,0.17519881647128538,0.03519431031293814,0.7896068732157765,Buy,Buy,6
2025-05-10,0.2175866149915425,0.020238823554731607,0.7621745614537259,Buy,Hold,6
2025-05-11,0.27657485075347693,0.12992468528561532,0.5935004639609077,Buy,Hold,6
2025-05-12,0.27602215117921153,0.019072464204584992,0.7049053846162034,Buy,Hold,6
2025-05-13,0.33527630841199135,0.02328482832314932,0.6414388632648593,Buy,Sell,6
2025-05-14,0.613295691513758,0.08297585791091042,0.3037284505753316,Sell,Sell,6
2025-05-15,0.32257574109119075,0.12756754680024426,0.549856712108565,Buy,Hold,6
2025-05-16,0.9427847949880311,0.016920886139376135,0.04029431887259261,Sell,Hold,6
2025-05-17,0.9008035934457439,0.016242266103323584,0.08295414045093255,Sell,Buy,6
2025-05-18,0.6371748282196857,0.03160830379345858,0.3312168679868557,Sell,Hold,6
2025-05-19,0.2879465505911423,0.04138604137208776,0.6706674080367699,Buy,Hold,6
2025-05-20,0.21115928454303673,0.026097233376698826,0.7627434820802645,Buy,Hold,6
2025-05-21,0.42382240702215906,0.08761659160885575,0.4885610013689851,Buy,Hold,6
2025-05-22,0.2782187291227496,0.16415189593674817,0.5576293749405022,Buy,Hold,6
2025-05-23,0.4328717105524578,0.08595003893049837,0.48117825051704366,Buy,Buy,6
2025-05-24,0.7715856586879142,0.025284942969114148,0.20312939834297156,Sell,Hold,6
2025-05-25,0.3528989083171428,0.04491813267602278,0.6021829590068344,Buy,Hold,6
2025-05-26,0.44368952409783635,0.023959769129377036,0.5323507067727865,Buy,Hold,6
2025-05-28,0.48010466579656885,0.12751873266999694,0.39237660153343423,Sell,Hold,6
2025-05-29,0.5053215023230309,0.09235984587371573,0.4023186518032534,Sell,Hold,6
2025-05-30,0.2520868077152814,0.10483400057476594,0.6430791917099525,Buy,Buy,6
2025-05-31,0.09074589557506037,0.4076172993992979,0.5016368050256417,Buy,Sell,6
2025-06-01,0.19760883265833032,0.3447326640651277,0.45765850327654195,Buy,Sell,6
2025-06-02,0.31536415250322464,0.04704441887806932,0.6375914286187061,Buy,Sell,6
2025-06-03,0.3697748477983511,0.16715860606229793,0.46306654613935094,Buy,Sell,6
2025-06-04,0.12452933848934372,0.13595361649829196,0.7395170450123643,Buy,Buy,6
2025-06-05,0.20455012950749205,0.34628923112354887,0.4491606393689591,Buy,Buy,6
2025-06-06,0.2567302814932252,0.18844131038251405,0.5548284081242608,Buy,Buy,6
2025-06-07,0.21952762810460655,0.43726983309924794,0.34320253879614554,Hold,Buy,6
2025-06-08,0.0927639631232406,0.41145780159311834,0.49577823528364096,Buy,Buy,6
2025-06-09,0.2840000885168595,0.39495057784817794,0.32104933363496274,Hold,Sell,6
2025-06-10,0.6673070056552343,0.09205924941481433,0.24063374492995138,Sell,Sell,6
2025-06-11,0.5753436266894404,0.1251474355417932,0.29950893776876647,Sell,Sell,6
2025-06-12,0.7804995565707753,0.041883641175491156,0.17761680225373355,Sell,Sell,6
2025-06-13,0.7314625240220836,0.18599057054671314,0.08254690543120333,Sell,Sell,6
2025-06-14,0.14302373475900124,0.6213866884152726,0.23558957682572612,Hold,Hold,6
2025-06-15,0.4076517217839024,0.15230335823051638,0.4400449199855812,Buy,Sell,6
2025-06-16,0.19152248761132648,0.22836694657021514,0.5801105658184583,Buy,Sell,6
2025-06-17,0.07898346552497115,0.6497477105085873,0.27126882396644153,Hold,Sell,6
2025-06-18,0.1404845821312727,0.3027984402342077,0.5567169776345197,Buy,Sell,6
2025-06-19,0.06568878616690785,0.6659104274273425,0.26840078640574955,Hold,Sell,6
2025-06-20,0.05746836646610658,0.05801996587731737,0.8845116676565761,Buy,Hold,6
2025-06-21,0.030346145014624067,0.018237937257522506,0.9514159177278535,Buy,Buy,6
2025-06-22,0.009620156435876931,0.022140387372077186,0.968239456192046,Buy,Buy,6
2025-06-23,0.11063092008322996,0.7368169877369883,0.15255209217978175,Hold,Hold,6
2025-06-24,0.15240041880152214,0.502722183043492,0.34487739815498586,Hold,Buy,6
2025-06-25,0.03227774300304896,0.3398508140732911,0.6278714429236599,Buy,Buy,6
2025-06-26,0.03031691191770215,0.5613280515891309,0.40835503649316696,Hold,Hold,6
2025-06-27,0.02658928195480073,0.5719436641490814,0.40146705389611786,Hold,Buy,6
2025-06-28,0.45504115366177206,0.29515320376753984,0.24980564257068807,Sell,Buy,6
2025-06-29,0.29404118259507217,0.504497384895708,0.20146143250921975,Hold,Hold,6
2025-06-30,0.5019062702171736,0.2442705930225994,0.2538231367602271,Sell,Hold,6
2025-07-01,0.19838188250693115,0.40271058113355845,0.3989075363595104,Hold,Buy,6
2025-07-02,0.11091868418635242,0.08063232839288832,0.8084489874207592,Buy,Hold,6
2025-07-03,0.1781101529126343,0.01916346737652697,0.8027263797108387,Buy,Hold,6
2025-07-04,0.18748768877960822,0.029195387768443846,0.7833169234519479,Buy,Buy,6
2025-07-05,0.6226425599760104,0.0720312282885565,0.3053262117354332,Sell,Buy,6
2025-07-06,0.2722869368084879,0.04962550765045057,0.6780875555410616,Buy,Buy,6
