asset,model,trial,state,value,duration_s,param_n_estimators,param_max_depth,param_learning_rate,param_subsample,param_colsample_bytree,param_min_child_weight,param_num_leaves,param_feature_fraction,param_bagging_fraction,param_min_data_in_leaf,param_min_samples_leaf,param_max_features,param_hidden_layer_sizes_idx,param_batch_size,param_learning_rate_init,param_alpha
btc,xgboost,0,COMPLETE,0.5062108527647756,11.079142,300.0,8.0,0.07259248719561363,0.8394633936788146,0.6624074561769746,2.0,,,,,,,,,,
btc,xgboost,1,COMPLETE,0.5140315204629103,2.867885,100.0,8.0,0.05092911283433821,0.8832290311184182,0.608233797718321,10.0,,,,,,,,,,
btc,xgboost,2,COMPLETE,0.5132368389680698,7.618926,550.0,4.0,0.016362239850894616,0.6733618039413735,0.721696897183815,6.0,,,,,,,,,,
btc,xgboost,3,COMPLETE,0.5122145239853667,4.066857,300.0,4.0,0.05243180891902853,0.6557975442608167,0.7168578594140872,4.0,,,,,,,,,,
btc,xgboost,4,COMPLETE,0.5038659378081389,9.705611,350.0,7.0,0.017172542103877867,0.8056937753654446,0.836965827544817,1.0,,,,,,,,,,
btc,xgboost,5,PRUNED,0.5032227288078351,1.165343,400.0,4.0,0.011926324174062874,0.9795542149013333,0.9862528132298237,9.0,,,,,,,,,,
btc,xgboost,6,PRUNED,0.4908585858585859,0.519747,250.0,3.0,0.06378528225249058,0.7760609974958405,0.6488152939379115,5.0,,,,,,,,,,
btc,xgboost,7,PRUNED,0.5071291656398039,0.41734,100.0,8.0,0.020153425505297702,0.8650089137415928,0.7246844304357644,6.0,,,,,,,,,,
btc,xgboost,8,PRUNED,0.48938005753292374,0.701386,400.0,4.0,0.13814017620274424,0.9100531293444458,0.9757995766256756,9.0,,,,,,,,,,
btc,xgboost,9,PRUNED,0.5039985743612801,1.492036,400.0,8.0,0.012707942999213693,0.678393144967658,0.6180909155642152,4.0,,,,,,,,,,
btc,xgboost,10,COMPLETE,0.5159711145823901,2.174974,100.0,6.0,0.03203999390196693,0.9730510848673964,0.8560354009870226,10.0,,,,,,,,,,
btc,xgboost,11,COMPLETE,0.5125335270757173,2.145443,100.0,6.0,0.030290112266028735,0.9988932180774156,0.8690317996453044,10.0,,,,,,,,,,
btc,xgboost,12,PRUNED,0.48541666666666666,0.663828,200.0,6.0,0.03421569540645079,0.9272413213655942,0.9035337974131699,8.0,,,,,,,,,,
btc,xgboost,13,PRUNED,0.48693461710703084,0.507089,150.0,7.0,0.09079769391012942,0.9183731209577773,0.7874820875551369,8.0,,,,,,,,,,
btc,xgboost,14,PRUNED,0.5109592780251463,0.600227,200.0,7.0,0.04634824458828161,0.7371197153065265,0.7862570495140909,10.0,,,,,,,,,,
btc,xgboost,15,PRUNED,0.5041706414814939,1.51915,600.0,5.0,0.027585903074064482,0.9493246691718298,0.9191979476316068,7.0,,,,,,,,,,
btc,xgboost,16,PRUNED,0.5044062030653421,0.288274,100.0,6.0,0.10104841744245217,0.8567007126605428,0.82880318369131,10.0,,,,,,,,,,
btc,xgboost,17,COMPLETE,0.521818921793806,3.637727,200.0,5.0,0.02384235173010944,0.8815706083151493,0.7565252761517033,8.0,,,,,,,,,,
btc,xgboost,18,COMPLETE,0.5182946272388678,3.531974,200.0,5.0,0.02373073312822908,0.9567002513217973,0.930573919743892,8.0,,,,,,,,,,
btc,xgboost,19,PRUNED,0.509990356105443,0.64914,200.0,5.0,0.023132306297354834,0.8122254251087704,0.9362148766913249,7.0,,,,,,,,,,
btc,xgboost,20,PRUNED,0.47886989553656223,1.018638,500.0,3.0,0.01036334506200229,0.7340887389327618,0.774482468414814,8.0,,,,,,,,,,
btc,xgboost,21,PRUNED,0.5608847248239506,1.019284,150.0,5.0,0.024274976466415528,0.960952069264703,0.8797470440635805,9.0,,,,,,,,,,
btc,xgboost,22,PRUNED,0.49089471864038337,0.767078,250.0,5.0,0.03590118443688506,0.8970303337810759,0.9477378737879129,7.0,,,,,,,,,,
btc,xgboost,23,PRUNED,0.5005572755417956,0.524537,150.0,6.0,0.040185711411513864,0.9445335402093489,0.8323930652915951,9.0,,,,,,,,,,
btc,xgboost,24,PRUNED,0.50396661406522,0.819623,250.0,5.0,0.017804728406889878,0.9828876862433195,0.747598594562545,8.0,,,,,,,,,,
btc,xgboost,25,COMPLETE,0.5112194387163844,3.524645,150.0,6.0,0.02633835617870017,0.960413521654473,0.8651250666290947,7.0,,,,,,,,,,
btc,xgboost,26,COMPLETE,0.5191353560487042,8.230611,300.0,7.0,0.014327439464238236,0.8846318522423857,0.8962236418769566,9.0,,,,,,,,,,
btc,xgboost,27,PRUNED,0.5081061692969872,1.578399,300.0,7.0,0.014207945025451068,0.8415009767883594,0.9002894612676551,5.0,,,,,,,,,,
btc,xgboost,28,PRUNED,0.5062982121917797,1.109663,350.0,4.0,0.021799596130354443,0.8842579378347708,0.9672934099449826,8.0,,,,,,,,,,
btc,xgboost,29,COMPLETE,0.5335386511706618,6.495699,300.0,5.0,0.014303487984571909,0.6114948874411065,0.8155758487088944,3.0,,,,,,,,,,
btc,lightgbm,0,COMPLETE,0.49189843576790115,39.178328,300.0,,0.07259248719561363,,,,115.0,0.8394633936788146,0.6624074561769746,12.0,,,,,,
btc,lightgbm,1,COMPLETE,0.5056342487462326,3.878138,100.0,,0.05092911283433821,,,,95.0,0.8832290311184182,0.608233797718321,49.0,,,,,,
btc,lightgbm,2,COMPLETE,0.4987189042455249,21.887234,550.0,,0.016362239850894616,,,,23.0,0.6733618039413735,0.721696897183815,29.0,,,,,,
btc,lightgbm,3,COMPLETE,0.5025232481059095,13.833698,300.0,,0.05243180891902853,,,,27.0,0.6557975442608167,0.7168578594140872,21.0,,,,,,
btc,lightgbm,4,COMPLETE,0.49827624830533407,43.746609,350.0,,0.017172542103877867,,,,80.0,0.8056937753654446,0.836965827544817,7.0,,,,,,
btc,lightgbm,5,PRUNED,0.47042795741216886,2.084314,400.0,,0.011926324174062874,,,,21.0,0.9795542149013333,0.9862528132298237,42.0,,,,,,
btc,lightgbm,6,PRUNED,0.46439808111168723,1.235808,250.0,,0.06378528225249058,,,,18.0,0.7760609974958405,0.6488152939379115,27.0,,,,,,
btc,lightgbm,7,PRUNED,0.4577023644143627,0.513171,100.0,,0.020153425505297702,,,,105.0,0.8650089137415928,0.7246844304357644,28.0,,,,,,
btc,lightgbm,8,PRUNED,0.4812606093093898,1.045115,400.0,,0.13814017620274424,,,,22.0,0.9100531293444458,0.9757995766256756,46.0,,,,,,
btc,lightgbm,9,COMPLETE,0.5137623466868597,37.629568,400.0,,0.012707942999213693,,,,108.0,0.678393144967658,0.6180909155642152,19.0,,,,,,
btc,lightgbm,10,PRUNED,0.46391961947517507,4.985558,600.0,,0.027143052490931286,,,,50.0,0.6071847502459278,0.8548368194215873,18.0,,,,,,
btc,lightgbm,11,PRUNED,0.4630383976819686,0.349175,100.0,,0.03620853028492042,,,,65.0,0.723532633125523,0.6062940462474563,38.0,,,,,,
btc,lightgbm,12,PRUNED,0.5437229457030915,3.700008,500.0,,0.12727258793928212,,,,37.0,0.9144299083451704,0.6024245475816379,35.0,,,,,,
btc,lightgbm,13,PRUNED,0.4791336537146593,1.944282,200.0,,0.03738003516534682,,,,76.0,0.7382774980993067,0.7874820875551369,17.0,,,,,,
btc,lightgbm,14,PRUNED,0.47314219490838827,1.361765,450.0,,0.01016073939430954,,,,126.0,0.9984066126989741,0.6684815593910434,50.0,,,,,,
btc,lightgbm,15,PRUNED,0.4845273028464751,1.193908,200.0,,0.09083642005367193,,,,91.0,0.9103569619688984,0.910300520286121,34.0,,,,,,
btc,lightgbm,16,PRUNED,0.4815262122025407,0.971195,150.0,,0.029369047565696364,,,,56.0,0.6014394037264182,0.7683684625594487,23.0,,,,,,
btc,lightgbm,17,COMPLETE,0.4956632896158296,23.899057,450.0,,0.04901664361545082,,,,35.0,0.7539796407337818,0.633678490980953,5.0,,,,,,
btc,lightgbm,18,PRUNED,0.4820585227607715,3.433848,300.0,,0.023818218210708335,,,,91.0,0.6918943664158308,0.6869774974966741,13.0,,,,,,
btc,lightgbm,19,PRUNED,0.4640324550001969,1.085054,350.0,,0.09713478796027722,,,,65.0,0.8135649375371401,0.6016207845062527,44.0,,,,,,
btc,lightgbm,20,PRUNED,0.4662516541050572,0.869093,200.0,,0.043919213632691044,,,,15.0,0.8679083694332411,0.7667424362376899,33.0,,,,,,
btc,lightgbm,21,PRUNED,0.4822246051006139,1.783514,300.0,,0.05573693426160994,,,,32.0,0.6502543071836033,0.7044991937287568,23.0,,,,,,
btc,lightgbm,22,PRUNED,0.4685251559803531,1.633692,400.0,,0.07463459898074461,,,,27.0,0.6484598036771061,0.6381323619525455,21.0,,,,,,
btc,lightgbm,23,PRUNED,0.4846517382661961,2.534374,250.0,,0.033954268866195264,,,,44.0,0.7077982883287449,0.7478583190642659,14.0,,,,,,
btc,lightgbm,24,COMPLETE,0.5004404300046157,41.827389,500.0,,0.05351957960830623,,,,101.0,0.657467804262033,0.6885028993363566,19.0,,,,,,
btc,lightgbm,25,COMPLETE,0.513291129605965,8.547544,150.0,,0.04383598974084411,,,,44.0,0.6235860101457745,0.632165791043514,24.0,,,,,,
btc,lightgbm,26,PRUNED,0.4535950682567224,0.719021,150.0,,0.013730916690376543,,,,70.0,0.9476077563455207,0.6372206838044818,26.0,,,,,,
btc,lightgbm,27,COMPLETE,0.5075422284423112,7.792054,100.0,,0.04214121524059513,,,,51.0,0.6274865063801043,0.6297142518660618,9.0,,,,,,
btc,lightgbm,28,COMPLETE,0.5102835878810241,11.78397,150.0,,0.021915097299928087,,,,45.0,0.622213766086971,0.6737589771566618,10.0,,,,,,
btc,lightgbm,29,COMPLETE,0.5133570767061795,11.358608,150.0,,0.02047474679763607,,,,46.0,0.690904861935396,0.6707495804134253,10.0,,,,,,
btc,random_forest,0,COMPLETE,0.5404707031158433,2.700647,400.0,20.0,,,,,,,,,11.0,sqrt,,,,
btc,random_forest,1,COMPLETE,0.5226911001310405,2.027169,200.0,18.0,,,,,,,,,10.0,0.5,,,,
btc,random_forest,2,COMPLETE,0.5248761901778962,7.018075,700.0,9.0,,,,,,,,,3.0,0.5,,,,
btc,random_forest,3,COMPLETE,0.5245435614228694,4.617488,500.0,10.0,,,,,,,,,10.0,0.5,,,,
btc,random_forest,4,COMPLETE,0.5208418725170546,3.623286,500.0,17.0,,,,,,,,,3.0,log2,,,,
btc,random_forest,5,COMPLETE,0.530268571936072,4.076288,600.0,8.0,,,,,,,,,1.0,log2,,,,
btc,random_forest,6,PRUNED,0.469970956621278,0.44328,400.0,7.0,,,,,,,,,11.0,0.5,,,,
btc,random_forest,7,COMPLETE,0.5258734151831436,1.443991,200.0,19.0,,,,,,,,,4.0,sqrt,,,,
btc,random_forest,8,PRUNED,0.43611976225003407,0.460764,500.0,8.0,,,,,,,,,15.0,log2,,,,
btc,random_forest,9,PRUNED,0.5134472708002119,0.634768,600.0,19.0,,,,,,,,,2.0,0.5,,,,
btc,random_forest,10,PRUNED,0.4317063743390146,0.259456,300.0,14.0,,,,,,,,,15.0,sqrt,,,,
btc,random_forest,11,PRUNED,0.5082435078270408,0.746251,800.0,13.0,,,,,,,,,6.0,log2,,,,
btc,random_forest,12,PRUNED,0.49754619901030406,0.64454,700.0,13.0,,,,,,,,,7.0,sqrt,,,,
btc,random_forest,13,PRUNED,0.4310147920932302,0.369306,400.0,6.0,,,,,,,,,12.0,sqrt,,,,
btc,random_forest,14,COMPLETE,0.5238699742386308,4.364417,600.0,11.0,,,,,,,,,1.0,log2,,,,
btc,random_forest,15,PRUNED,0.473201558824562,0.403842,400.0,16.0,,,,,,,,,8.0,sqrt,,,,
btc,random_forest,16,PRUNED,0.5162147793726741,0.59674,600.0,15.0,,,,,,,,,5.0,log2,,,,
btc,random_forest,17,PRUNED,0.4387527921140714,0.274004,300.0,11.0,,,,,,,,,13.0,sqrt,,,,
btc,random_forest,18,PRUNED,0.4825958426138184,0.665351,700.0,20.0,,,,,,,,,8.0,log2,,,,
btc,random_forest,19,PRUNED,0.47412750092697475,0.726885,800.0,6.0,,,,,,,,,9.0,sqrt,,,,
btc,random_forest,20,PRUNED,0.4387527921140714,0.272595,300.0,11.0,,,,,,,,,13.0,log2,,,,
btc,random_forest,21,COMPLETE,0.5250173128686796,1.575026,200.0,20.0,,,,,,,,,4.0,sqrt,,,,
btc,random_forest,22,COMPLETE,0.5177037354085635,1.521697,200.0,18.0,,,,,,,,,1.0,sqrt,,,,
btc,random_forest,23,PRUNED,0.5155681476081977,0.449114,400.0,16.0,,,,,,,,,5.0,sqrt,,,,
btc,random_forest,24,PRUNED,0.5076270674094226,0.254469,300.0,18.0,,,,,,,,,3.0,sqrt,,,,
btc,random_forest,25,PRUNED,0.582913403873313,1.295581,600.0,20.0,,,,,,,,,1.0,sqrt,,,,
btc,random_forest,26,PRUNED,0.5054351886109405,0.238003,200.0,19.0,,,,,,,,,5.0,log2,,,,
btc,random_forest,27,PRUNED,0.5050622823650418,0.447408,500.0,15.0,,,,,,,,,2.0,sqrt,,,,
btc,random_forest,28,PRUNED,0.49718098665467086,0.416707,400.0,17.0,,,,,,,,,6.0,sqrt,,,,
btc,random_forest,29,PRUNED,0.4486859161340646,0.196783,200.0,19.0,,,,,,,,,10.0,log2,,,,
btc,mlp,0,COMPLETE,0.44170186273116246,1.680367,,,,,,,,,,,,,64_32,auto,0.005399484409787433,0.00025378155082656634
btc,mlp,1,COMPLETE,0.4772179546577858,4.344738,,,,,,,,,,,,,128_64,auto,0.0004059611610484307,0.0001256104370001356
btc,mlp,2,COMPLETE,0.4737411740961447,2.299308,,,,,,,,,,,,,128_64,128,0.0037183641805732083,6.290644294586156e-06
btc,mlp,3,COMPLETE,0.4271850956193057,1.439805,,,,,,,,,,,,,64_32_16,128,0.00853618986286683,0.0017123375973163992
btc,mlp,4,COMPLETE,0.43419250928083386,3.083554,,,,,,,,,,,,,128_64,64,0.006586289317583112,1.0842262717330169e-05
btc,mlp,5,COMPLETE,0.4962308619733341,1.632652,,,,,,,,,,,,,64,64,0.007568292060167618,0.0037958531426706445
btc,mlp,6,PRUNED,0.3787722199255891,0.202668,,,,,,,,,,,,,64_32,128,0.00034889766548903674,0.0020651425578959264
btc,mlp,7,COMPLETE,0.4870223295620251,2.483446,,,,,,,,,,,,,128_64,128,0.0035033984911586884,6.235377135673162e-06
btc,mlp,8,PRUNED,0.4326662065792501,0.088907,,,,,,,,,,,,,64_32,auto,0.0001705053926026929,0.0028340904295147754
btc,mlp,9,COMPLETE,0.497439239867727,1.548393,,,,,,,,,,,,,64,64,0.0059487468132197715,7.742116473996245e-05
btc,mlp,10,COMPLETE,0.5048529044853889,2.433269,,,,,,,,,,,,,64,64,0.001454189547274285,1.1799062523159284e-06
btc,mlp,11,COMPLETE,0.5157430830037569,2.007182,,,,,,,,,,,,,64,64,0.0015591020062651652,1.2612865045309432e-06
btc,mlp,12,PRUNED,0.5118097989576199,0.129205,,,,,,,,,,,,,64,64,0.0013423234018286052,1.045464234001662e-06
btc,mlp,13,PRUNED,0.5483773349837291,0.3163,,,,,,,,,,,,,64,64,0.0015065277977446626,1.2023876975720184e-06
btc,mlp,14,COMPLETE,0.5154574721721554,1.950714,,,,,,,,,,,,,64,64,0.0007002690145644848,2.584359980331247e-05
btc,mlp,15,COMPLETE,0.4877299562351727,4.440109,,,,,,,,,,,,,64_32_16,64,0.0006532466763199414,2.591698953182593e-05
btc,mlp,16,COMPLETE,0.5141146516226504,2.930253,,,,,,,,,,,,,64,64,0.0007343296296001384,0.0004959713565737135
btc,mlp,17,PRUNED,0.3679071657344997,0.128418,,,,,,,,,,,,,64,64,0.00010645597672421379,3.676644887380847e-05
btc,mlp,18,COMPLETE,0.5059309898244323,1.888509,,,,,,,,,,,,,64,64,0.0023793537960598516,2.8048165929662557e-06
btc,mlp,19,COMPLETE,0.4966321118656981,3.619739,,,,,,,,,,,,,64_32_16,auto,0.0003623870486387051,0.009639798532690985
btc,mlp,20,COMPLETE,0.5209528628748481,2.224249,,,,,,,,,,,,,64,64,0.0008298173853464047,1.5030256833470227e-05
btc,mlp,21,COMPLETE,0.5149780370958503,2.248095,,,,,,,,,,,,,64,64,0.0008787850912174924,2.0640402716394112e-05
btc,mlp,22,COMPLETE,0.5144371596404433,2.053963,,,,,,,,,,,,,64,64,0.0005397974986384252,3.608639897385674e-06
btc,mlp,23,PRUNED,0.5549081085846841,0.28689,,,,,,,,,,,,,64,64,0.0021886348477387855,6.053309724931525e-05
btc,mlp,24,PRUNED,0.4075383865187907,0.175156,,,,,,,,,,,,,64,64,0.00021914805291808694,1.457320364855787e-05
btc,mlp,25,COMPLETE,0.5229032163226217,2.17685,,,,,,,,,,,,,64,64,0.001104320121979192,2.7344219201342385e-06
btc,mlp,26,PRUNED,0.5242765567643984,0.129267,,,,,,,,,,,,,64,64,0.0011911387728160262,2.708000519950346e-06
btc,mlp,27,PRUNED,0.44958753789024203,0.167215,,,,,,,,,,,,,64_32,64,0.0019587641001260103,6.020208170192515e-06
btc,mlp,28,PRUNED,0.4970937966885655,0.227986,,,,,,,,,,,,,64_32_16,128,0.001073203842531624,2.2830554459926115e-06
btc,mlp,29,PRUNED,0.3620994309673555,0.07634,,,,,,,,,,,,,64_32,auto,0.0032130010133990835,1.0663631744902533e-05
eth,xgboost,0,COMPLETE,0.4916348772063249,9.339675,300.0,8.0,0.07259248719561363,0.8394633936788146,0.6624074561769746,2.0,,,,,,,,,,
eth,xgboost,1,COMPLETE,0.49596072280875997,3.305603,100.0,8.0,0.05092911283433821,0.8832290311184182,0.608233797718321,10.0,,,,,,,,,,
eth,xgboost,2,COMPLETE,0.4868136161516013,10.383924,550.0,4.0,0.016362239850894616,0.6733618039413735,0.721696897183815,6.0,,,,,,,,,,
eth,xgboost,3,COMPLETE,0.48405165623620094,5.494098,300.0,4.0,0.05243180891902853,0.6557975442608167,0.7168578594140872,4.0,,,,,,,,,,
eth,xgboost,4,COMPLETE,0.48645393044977236,11.481366,350.0,7.0,0.017172542103877867,0.8056937753654446,0.836965827544817,1.0,,,,,,,,,,
eth,xgboost,5,PRUNED,0.4097261409100845,1.370191,400.0,4.0,0.011926324174062874,0.9795542149013333,0.9862528132298237,9.0,,,,,,,,,,
eth,xgboost,6,PRUNED,0.42645234595698994,0.668225,250.0,3.0,0.06378528225249058,0.7760609974958405,0.6488152939379115,5.0,,,,,,,,,,
eth,xgboost,7,COMPLETE,0.49657071748363213,3.654766,100.0,8.0,0.020153425505297702,0.8650089137415928,0.7246844304357644,6.0,,,,,,,,,,
eth,xgboost,8,PRUNED,0.40148108705084207,1.090227,400.0,4.0,0.13814017620274424,0.9100531293444458,0.9757995766256756,9.0,,,,,,,,,,
eth,xgboost,9,COMPLETE,0.49966044574489066,12.870206,400.0,8.0,0.012707942999213693,0.678393144967658,0.6180909155642152,4.0,,,,,,,,,,
eth,xgboost,10,PRUNED,0.433509500064694,2.313496,600.0,6.0,0.027143052490931286,0.6071847502459278,0.8548368194215873,4.0,,,,,,,,,,
eth,xgboost,11,COMPLETE,0.49512798136389186,2.954063,100.0,7.0,0.026867056013873306,0.7427133420840214,0.7541937849438474,7.0,,,,,,,,,,
eth,xgboost,12,COMPLETE,0.49853382812774977,15.07956,500.0,7.0,0.010606834743099593,0.7260342721532042,0.6080267311484439,7.0,,,,,,,,,,
eth,xgboost,13,COMPLETE,0.4960712024920647,13.457076,500.0,6.0,0.011835482882706631,0.713934303387409,0.6077212616797523,3.0,,,,,,,,,,
eth,xgboost,14,COMPLETE,0.4978784472311263,15.09666,500.0,7.0,0.010089332732380503,0.6908556046603515,0.6618783101150698,7.0,,,,,,,,,,
eth,xgboost,15,PRUNED,0.4210547180844211,2.08698,450.0,7.0,0.028326705581622015,0.6151707260509903,0.9191979476316068,8.0,,,,,,,,,,
eth,xgboost,16,PRUNED,0.43401206636500755,2.805948,600.0,6.0,0.014563191652430248,0.749160603123104,0.7884157749870748,5.0,,,,,,,,,,
eth,xgboost,17,PRUNED,0.5082952609518853,2.400881,200.0,8.0,0.035933020947004304,0.646992349685928,0.6772876502180768,3.0,,,,,,,,,,
eth,xgboost,18,PRUNED,0.5084053100540107,3.581419,450.0,5.0,0.020601705270219234,0.7132185529264726,0.6021177925561997,7.0,,,,,,,,,,
eth,xgboost,19,PRUNED,0.4395633971291866,2.765926,500.0,7.0,0.01001233427480462,0.7790817164521516,0.7911302960155628,4.0,,,,,,,,,,
eth,xgboost,20,PRUNED,0.4280461140926257,1.497958,400.0,5.0,0.11448136547192186,0.7348692669594385,0.6947987919377797,1.0,,,,,,,,,,
eth,xgboost,21,COMPLETE,0.5053981323821224,14.499819,500.0,7.0,0.010507619076437569,0.6891404984361571,0.635522162361147,7.0,,,,,,,,,,
eth,xgboost,22,COMPLETE,0.5004648537467856,16.887541,550.0,8.0,0.01361739129528502,0.6891700960195946,0.6412628671754068,8.0,,,,,,,,,,
eth,xgboost,23,PRUNED,0.5126134322354493,6.085432,550.0,8.0,0.013927627505569942,0.6448081383296643,0.6365363834906363,8.0,,,,,,,,,,
eth,xgboost,24,COMPLETE,0.5027828887636194,16.721464,550.0,8.0,0.020524740946036915,0.6816731945441582,0.6385134896466937,8.0,,,,,,,,,,
eth,xgboost,25,PRUNED,0.43681379411981425,2.520044,550.0,8.0,0.02067334487368997,0.6358870019633593,0.6949818952311448,10.0,,,,,,,,,,
eth,xgboost,26,PRUNED,0.43154766290865326,2.750728,600.0,7.0,0.016802654772161148,0.6959554173551851,0.7431112214919919,8.0,,,,,,,,,,
eth,xgboost,27,PRUNED,0.43132438693186353,2.276247,550.0,6.0,0.023123699212398017,0.8069152726361357,0.6395391048011851,9.0,,,,,,,,,,
eth,xgboost,28,PRUNED,0.41594103836666757,2.117675,450.0,8.0,0.032522051321444034,0.7534755424511654,0.7658313612926888,8.0,,,,,,,,,,
eth,xgboost,29,PRUNED,0.43320794331204615,3.250878,600.0,8.0,0.015314262706192638,0.8310365866154781,0.6808786087924291,6.0,,,,,,,,,,
eth,lightgbm,0,COMPLETE,0.4870259399162612,38.211881,300.0,,0.07259248719561363,,,,115.0,0.8394633936788146,0.6624074561769746,12.0,,,,,,
eth,lightgbm,1,COMPLETE,0.48371819398848964,2.767998,100.0,,0.05092911283433821,,,,95.0,0.8832290311184182,0.608233797718321,49.0,,,,,,
eth,lightgbm,2,COMPLETE,0.48549825006807723,21.896162,550.0,,0.016362239850894616,,,,23.0,0.6733618039413735,0.721696897183815,29.0,,,,,,
eth,lightgbm,3,COMPLETE,0.4840103323388803,16.050833,300.0,,0.05243180891902853,,,,27.0,0.6557975442608167,0.7168578594140872,21.0,,,,,,
eth,lightgbm,4,COMPLETE,0.48811305222599144,53.785909,350.0,,0.017172542103877867,,,,80.0,0.8056937753654446,0.836965827544817,7.0,,,,,,
eth,lightgbm,5,PRUNED,0.4072566765879042,1.957476,400.0,,0.011926324174062874,,,,21.0,0.9795542149013333,0.9862528132298237,42.0,,,,,,
eth,lightgbm,6,PRUNED,0.501881086325815,7.36698,250.0,,0.06378528225249058,,,,18.0,0.7760609974958405,0.6488152939379115,27.0,,,,,,
eth,lightgbm,7,COMPLETE,0.5093214587891947,6.772469,100.0,,0.020153425505297702,,,,105.0,0.8650089137415928,0.7246844304357644,28.0,,,,,,
eth,lightgbm,8,PRUNED,0.40628815628815634,1.932495,400.0,,0.13814017620274424,,,,22.0,0.9100531293444458,0.9757995766256756,46.0,,,,,,
eth,lightgbm,9,COMPLETE,0.49254232353440114,33.182719,400.0,,0.012707942999213693,,,,108.0,0.678393144967658,0.6180909155642152,19.0,,,,,,
eth,lightgbm,10,COMPLETE,0.5011321284846473,6.13396,100.0,,0.027143052490931286,,,,50.0,0.7387403565626488,0.8443228109006988,36.0,,,,,,
eth,lightgbm,11,COMPLETE,0.49972836433236945,5.2427,100.0,,0.026439372319923903,,,,56.0,0.7427133420840213,0.8303784884772313,37.0,,,,,,
eth,lightgbm,12,PRUNED,0.42121662333374604,1.135698,200.0,,0.02642606498488015,,,,41.0,0.7273145000499233,0.8951449184465631,35.0,,,,,,
eth,lightgbm,13,PRUNED,0.43676335069470956,0.743959,150.0,,0.028465071439181932,,,,62.0,0.610547233762323,0.7728420575037601,33.0,,,,,,
eth,lightgbm,14,PRUNED,0.41759558911662475,1.889704,200.0,,0.03681621941907509,,,,36.0,0.869545659576201,0.90527094910115,22.0,,,,,,
eth,lightgbm,15,PRUNED,0.41676320549559986,2.359073,600.0,,0.019398840051046303,,,,67.0,0.9493246691718298,0.7608054958890966,42.0,,,,,,
eth,lightgbm,16,PRUNED,0.439452495974235,0.641356,100.0,,0.03634960442223554,,,,51.0,0.8127697935372522,0.8714126773875632,28.0,,,,,,
eth,lightgbm,17,PRUNED,0.43323139653414877,2.007082,200.0,,0.022067342888288335,,,,33.0,0.7539796407337818,0.72403207567073,15.0,,,,,,
eth,lightgbm,18,PRUNED,0.4276118947304146,0.72385,150.0,,0.13393077567760453,,,,79.0,0.9247050214339142,0.8036068249211745,38.0,,,,,,
eth,lightgbm,19,PRUNED,0.42598322591681387,2.681955,500.0,,0.010062759956586979,,,,15.0,0.8503991699305872,0.9362148766913249,31.0,,,,,,
eth,lightgbm,20,PRUNED,0.43325736769317674,0.966472,150.0,,0.08174117326716414,,,,124.0,0.7103867935467328,0.6799979149076777,25.0,,,,,,
eth,lightgbm,21,COMPLETE,0.49985002870962025,4.579774,100.0,,0.027783768907341196,,,,51.0,0.7477453001778464,0.8302919113160987,37.0,,,,,,
eth,lightgbm,22,COMPLETE,0.49292543188945126,4.542679,100.0,,0.029902224896357257,,,,47.0,0.7813400732424116,0.8446243024003304,41.0,,,,,,
eth,lightgbm,23,PRUNED,0.42627242627242623,1.302492,250.0,,0.015181723941942142,,,,75.0,0.7093607961740002,0.7728742013323223,33.0,,,,,,
eth,lightgbm,24,COMPLETE,0.49449167528958593,7.56597,150.0,,0.023384770028216744,,,,42.0,0.821671356144635,0.8094138537854623,38.0,,,,,,
eth,lightgbm,25,PRUNED,0.4402379938778407,0.459671,100.0,,0.044202442006134296,,,,30.0,0.7622508749047892,0.8651250666290947,46.0,,,,,,
eth,lightgbm,26,PRUNED,0.4368113936288727,1.851971,250.0,,0.03320052176484673,,,,97.0,0.6407869263803048,0.7431112214919919,24.0,,,,,,
eth,lightgbm,27,PRUNED,0.41083629233402924,1.319139,200.0,,0.020578022614109282,,,,56.0,0.8918453681649303,0.9421572702232562,32.0,,,,,,
eth,lightgbm,28,PRUNED,0.39723947550034505,0.756387,150.0,,0.04555957654160668,,,,88.0,0.7860433530370203,0.7921840847984488,36.0,,,,,,
eth,lightgbm,29,PRUNED,0.4342303605406874,0.865877,100.0,,0.013847949958968927,,,,65.0,0.8312788828572721,0.6819884277200323,17.0,,,,,,
eth,random_forest,0,COMPLETE,0.5154233092228221,2.580078,400.0,20.0,,,,,,,,,11.0,sqrt,,,,
eth,random_forest,1,COMPLETE,0.5143242816090323,1.92869,200.0,18.0,,,,,,,,,10.0,0.5,,,,
eth,random_forest,2,COMPLETE,0.5095666569612164,6.165108,700.0,9.0,,,,,,,,,3.0,0.5,,,,
eth,random_forest,3,COMPLETE,0.5179896136319904,4.077447,500.0,10.0,,,,,,,,,10.0,0.5,,,,
eth,random_forest,4,COMPLETE,0.5126844518734377,3.398195,500.0,17.0,,,,,,,,,3.0,log2,,,,
eth,random_forest,5,PRUNED,0.534543744524075,1.234701,600.0,8.0,,,,,,,,,1.0,log2,,,,
eth,random_forest,6,PRUNED,0.5353488613401624,1.214374,400.0,7.0,,,,,,,,,11.0,0.5,,,,
eth,random_forest,7,PRUNED,0.4591542433986164,0.251982,200.0,19.0,,,,,,,,,4.0,sqrt,,,,
eth,random_forest,8,PRUNED,0.5280551444774852,1.023663,500.0,8.0,,,,,,,,,15.0,log2,,,,
eth,random_forest,9,PRUNED,0.4422001138914012,0.7761,600.0,19.0,,,,,,,,,2.0,0.5,,,,
eth,random_forest,10,PRUNED,0.45487606993631086,0.996294,800.0,12.0,,,,,,,,,7.0,0.5,,,,
eth,random_forest,11,PRUNED,0.534446079590672,1.904156,400.0,14.0,,,,,,,,,13.0,sqrt,,,,
eth,random_forest,12,PRUNED,0.4654532414541719,0.320987,300.0,11.0,,,,,,,,,9.0,sqrt,,,,
eth,random_forest,13,COMPLETE,0.5204536644039008,2.757332,400.0,14.0,,,,,,,,,6.0,sqrt,,,,
eth,random_forest,14,COMPLETE,0.5198341257590219,3.955752,600.0,15.0,,,,,,,,,6.0,sqrt,,,,
eth,random_forest,15,PRUNED,0.4633252305436586,0.62558,700.0,15.0,,,,,,,,,6.0,sqrt,,,,
eth,random_forest,16,COMPLETE,0.5239862976582816,4.040244,600.0,16.0,,,,,,,,,5.0,sqrt,,,,
eth,random_forest,17,PRUNED,0.4611598712341367,0.367415,300.0,16.0,,,,,,,,,5.0,sqrt,,,,
eth,random_forest,18,PRUNED,0.46681382104498725,0.619063,700.0,14.0,,,,,,,,,8.0,sqrt,,,,
eth,random_forest,19,PRUNED,0.5399115238129593,4.154265,800.0,13.0,,,,,,,,,7.0,sqrt,,,,
eth,random_forest,20,PRUNED,0.4611598712341367,0.280784,300.0,17.0,,,,,,,,,5.0,sqrt,,,,
eth,random_forest,21,COMPLETE,0.522862692588661,4.064297,600.0,15.0,,,,,,,,,5.0,sqrt,,,,
eth,random_forest,22,PRUNED,0.46810699588477367,0.635044,600.0,13.0,,,,,,,,,4.0,sqrt,,,,
eth,random_forest,23,PRUNED,0.53683033758054,2.500784,500.0,16.0,,,,,,,,,7.0,sqrt,,,,
eth,random_forest,24,COMPLETE,0.5267463459102089,4.811423,700.0,12.0,,,,,,,,,5.0,sqrt,,,,
eth,random_forest,25,PRUNED,0.46624026857291695,0.763843,700.0,11.0,,,,,,,,,1.0,log2,,,,
eth,random_forest,26,PRUNED,0.4631583992331656,1.024146,800.0,12.0,,,,,,,,,4.0,sqrt,,,,
eth,random_forest,27,PRUNED,0.46296296296296297,0.591073,600.0,16.0,,,,,,,,,3.0,sqrt,,,,
eth,random_forest,28,COMPLETE,0.5214137626231325,4.22575,700.0,15.0,,,,,,,,,5.0,sqrt,,,,
eth,random_forest,29,PRUNED,0.4708717978031191,0.526968,600.0,20.0,,,,,,,,,8.0,sqrt,,,,
eth,mlp,0,COMPLETE,0.42779849796344005,1.104063,,,,,,,,,,,,,64_32,auto,0.005399484409787433,0.00025378155082656634
eth,mlp,1,COMPLETE,0.45163662514177555,2.973322,,,,,,,,,,,,,128_64,auto,0.0004059611610484307,0.0001256104370001356
eth,mlp,2,COMPLETE,0.43868379312138134,2.143271,,,,,,,,,,,,,128_64,128,0.0037183641805732083,6.290644294586156e-06
eth,mlp,3,COMPLETE,0.45165528605417515,1.206304,,,,,,,,,,,,,64_32_16,128,0.00853618986286683,0.0017123375973163992
eth,mlp,4,COMPLETE,0.4355269170736486,2.590879,,,,,,,,,,,,,128_64,64,0.006586289317583112,1.0842262717330169e-05
eth,mlp,5,COMPLETE,0.43551148492040676,1.301869,,,,,,,,,,,,,64,64,0.007568292060167618,0.0037958531426706445
eth,mlp,6,PRUNED,0.4484144066580571,0.092267,,,,,,,,,,,,,64_32,128,0.00034889766548903674,0.0020651425578959264
eth,mlp,7,COMPLETE,0.4379647476977909,2.299868,,,,,,,,,,,,,128_64,128,0.0035033984911586884,6.235377135673162e-06
eth,mlp,8,PRUNED,0.42913987512813345,0.153213,,,,,,,,,,,,,64_32,auto,0.0001705053926026929,0.0028340904295147754
eth,mlp,9,COMPLETE,0.44291717515688045,1.859423,,,,,,,,,,,,,64,64,0.0059487468132197715,7.742116473996245e-05
eth,mlp,10,COMPLETE,0.4508597178272119,2.20175,,,,,,,,,,,,,64_32_16,128,0.0013132838149715526,0.0006234903410575638
eth,mlp,11,PRUNED,0.44340052961075144,0.31075,,,,,,,,,,,,,64_32_16,auto,0.0007006524581917545,4.1761249964588066e-05
eth,mlp,12,COMPLETE,0.45363765119556626,1.584387,,,,,,,,,,,,,64_32_16,auto,0.0012153000200614483,0.0004314026603610777
eth,mlp,13,COMPLETE,0.45087004738634057,1.495854,,,,,,,,,,,,,64_32_16,auto,0.0015759695013811946,0.0006410256270564136
eth,mlp,14,PRUNED,0.46323768877161337,0.216717,,,,,,,,,,,,,64_32_16,128,0.0020725337719449516,0.0008167112824918626
eth,mlp,15,PRUNED,0.44455093176404653,0.253044,,,,,,,,,,,,,64_32_16,auto,0.0007275106397538889,2.591698953182593e-05
eth,mlp,16,PRUNED,0.4148949815616483,0.084564,,,,,,,,,,,,,64_32_16,128,0.00010836450979873672,0.009639757903159522
eth,mlp,17,PRUNED,0.39711172002229866,0.148818,,,,,,,,,,,,,64_32_16,auto,0.009970682275036459,2.2261163708640672e-06
eth,mlp,18,PRUNED,0.4456697854673102,0.156558,,,,,,,,,,,,,64_32_16,128,0.002740282276279087,0.00024656991391692806
eth,mlp,19,COMPLETE,0.49614229459717973,1.355933,,,,,,,,,,,,,64,64,0.0002793247129746424,0.009639798532690985
eth,mlp,20,COMPLETE,0.49611163471100933,1.774885,,,,,,,,,,,,,64,64,0.0002647102323702082,0.009374761559146237
eth,mlp,21,COMPLETE,0.48871645550648457,1.349325,,,,,,,,,,,,,64,64,0.00030366849822451074,0.0075349332296701325
eth,mlp,22,COMPLETE,0.5009886322553495,1.679198,,,,,,,,,,,,,64,64,0.00026078168710486305,0.008756136435490962
eth,mlp,23,COMPLETE,0.4924747632463631,1.221959,,,,,,,,,,,,,64,64,0.0001963994015759722,0.0053642352481513686
eth,mlp,24,PRUNED,0.44462942409668266,0.152311,,,,,,,,,,,,,64,64,0.0005755254978419905,0.001355906560240165
eth,mlp,25,COMPLETE,0.48848876227155624,1.437715,,,,,,,,,,,,,64,64,0.00021150592669398296,0.009280388316009917
eth,mlp,26,COMPLETE,0.49303410332952174,1.671466,,,,,,,,,,,,,64,64,0.00013844078535697933,0.0038194919590390434
eth,mlp,27,PRUNED,0.44616174055829233,0.262708,,,,,,,,,,,,,64,64,0.0004418002857776711,0.0013820696721653213
eth,mlp,28,COMPLETE,0.4953688729211742,1.972595,,,,,,,,,,,,,64,64,0.00026044444022898307,0.004079703441566138
eth,mlp,29,PRUNED,0.47181315231726684,0.141702,,,,,,,,,,,,,64,64,0.00010372008759745409,0.0001948925036177177
